source,target,community_source,community_target
1,3,0,0
1,2,0,1
1,4,0,0
1,5,0,0
1,6,0,0
1,7,0,0
1,2,0,1
2,3,1,0
3,4,0,0
3,5,0,0
3,6,0,0
3,7,0,0
2,8,1,1
2,9,1,1
2,10,1,1
2,11,1,1
2,12,1,1
2,13,1,1
2,14,1,1
2,15,1,1
2,16,1,1
2,17,1,1
2,18,1,1
2,19,1,1
2,20,1,1
2,21,1,1
2,22,1,1
2,23,1,1
2,24,1,1
2,25,1,1
4,26,0,2
2,27,1,1
2,28,1,0
2,29,1,1
2,30,1,0
2,31,1,1
2,32,1,1
2,33,1,1
2,34,1,3
9,10,1,1
9,35,1,1
10,35,1,1
11,12,1,1
12,35,1,1
13,14,1,1
13,35,1,1
14,35,1,1
15,16,1,1
15,35,1,1
16,35,1,1
17,18,1,1
17,35,1,1
18,35,1,1
19,20,1,1
19,35,1,1
20,35,1,1
21,22,1,1
21,35,1,1
22,35,1,1
23,24,1,1
23,35,1,1
24,35,1,1
25,27,1,1
25,35,1,1
28,30,0,0
28,36,0,0
5,28,0,0
28,37,0,0
7,28,0,0
30,36,0,0
5,30,0,0
30,37,0,0
7,30,0,0
29,31,1,1
31,35,1,1
32,33,1,1
33,35,1,1
33,38,1,2
33,39,1,2
33,40,1,2
33,41,1,2
11,35,1,1
27,35,1,1
32,35,1,1
32,38,1,2
32,39,1,2
32,40,1,2
32,41,1,2
2,32,1,1
29,35,1,1
35,42,1,4
35,44,1,4
35,45,1,5
35,46,1,5
35,47,1,5
35,48,1,5
35,49,1,6
35,50,1,6
35,52,1,5
35,53,1,7
35,55,1,7
35,56,1,5
35,57,1,3
35,59,1,5
35,60,1,5
35,61,1,5
35,62,1,3
35,63,1,1
35,64,1,3
35,65,1,5
42,43,4,4
50,51,6,6
53,54,7,7
57,58,3,3
35,66,1,8
35,67,1,8
35,69,1,5
35,70,1,5
35,71,1,5
35,72,1,6
35,73,1,9
35,75,1,10
35,76,1,10
35,78,1,1
35,79,1,5
35,80,1,2
35,81,1,2
35,83,1,5
35,84,1,5
35,85,1,5
35,86,1,1
35,87,1,6
35,88,1,9
35,90,1,9
67,68,8,8
73,74,9,9
76,77,10,10
81,82,2,2
88,89,9,9
35,91,1,6
35,93,1,5
35,94,1,6
35,95,1,5
35,96,1,6
35,98,1,5
35,99,1,10
35,100,1,5
35,101,1,10
35,103,1,11
35,104,1,11
35,106,1,10
35,107,1,1
35,108,1,10
35,110,1,10
35,112,1,10
35,113,1,5
35,114,1,9
35,116,1,9
35,117,1,1
91,92,6,6
96,97,6,6
101,102,10,10
104,105,11,11
108,109,10,10
110,111,10,10
114,115,9,9
35,118,1,1
35,119,1,0
35,121,1,1
35,123,1,5
35,124,1,12
35,125,1,0
35,126,1,12
35,128,1,13
35,129,1,1
35,130,1,1
35,131,1,13
35,132,1,1
35,134,1,1
35,136,1,1
35,137,1,1
35,139,1,5
35,140,1,1
35,142,1,1
35,143,1,1
35,145,1,1
42,44,4,4
42,43,4,4
43,44,4,4
45,147,5,5
45,148,5,5
45,149,5,5
45,150,5,5
45,151,5,5
45,152,5,5
46,153,5,5
46,154,5,5
46,149,5,5
46,150,5,5
46,151,5,5
46,152,5,5
47,155,5,5
47,156,5,5
47,149,5,5
47,150,5,5
47,151,5,5
47,152,5,5
48,157,5,5
48,158,5,5
48,149,5,5
48,150,5,5
48,151,5,5
48,152,5,5
49,50,6,6
49,51,6,6
49,159,6,6
49,160,6,6
49,161,6,6
50,51,6,6
50,159,6,6
50,160,6,6
50,161,6,6
52,162,5,5
52,163,5,5
52,149,5,5
52,150,5,5
52,151,5,5
52,152,5,5
53,55,7,7
53,54,7,7
53,149,7,5
53,150,7,5
53,151,7,5
53,152,7,5
54,55,7,7
55,149,7,5
55,150,7,5
55,151,7,5
55,152,7,5
56,164,5,5
56,165,5,5
56,149,5,5
56,150,5,5
56,151,5,5
56,152,5,5
57,62,3,3
57,58,3,3
57,149,3,5
57,150,3,5
57,151,3,5
57,152,3,5
59,61,5,5
59,166,5,5
59,149,5,5
59,150,5,5
59,151,5,5
59,152,5,5
60,167,5,5
60,168,5,5
60,149,5,5
60,150,5,5
60,151,5,5
60,152,5,5
61,166,5,5
61,149,5,5
61,150,5,5
61,151,5,5
61,152,5,5
58,62,3,3
62,149,3,5
62,150,3,5
62,151,3,5
62,152,3,5
63,169,1,1
63,170,1,1
64,171,3,3
64,172,3,3
64,149,3,5
64,150,3,5
64,151,3,5
64,152,3,5
65,173,5,5
65,174,5,5
65,149,5,5
65,150,5,5
65,151,5,5
65,152,5,5
66,67,8,8
66,68,8,8
66,149,8,5
66,150,8,5
66,151,8,5
66,152,8,5
67,68,8,8
67,149,8,5
67,150,8,5
67,151,8,5
67,152,8,5
69,70,5,5
69,175,5,5
69,149,5,5
69,150,5,5
69,151,5,5
69,152,5,5
70,175,5,5
70,149,5,5
70,150,5,5
70,151,5,5
70,152,5,5
71,176,5,5
71,177,5,5
71,149,5,5
71,150,5,5
71,151,5,5
71,152,5,5
72,178,6,6
72,179,6,6
72,159,6,6
72,160,6,6
72,161,6,6
73,180,9,9
73,74,9,9
73,149,9,5
73,150,9,5
73,151,9,5
73,152,9,5
75,76,10,10
75,77,10,10
76,77,10,10
78,181,1,1
78,182,1,1
79,83,5,5
79,183,5,5
79,149,5,5
79,150,5,5
79,151,5,5
79,152,5,5
80,81,2,2
80,82,2,2
81,82,2,2
83,183,5,5
83,149,5,5
83,150,5,5
83,151,5,5
83,152,5,5
84,85,5,5
84,184,5,5
84,149,5,5
84,150,5,5
84,151,5,5
84,152,5,5
85,184,5,5
85,149,5,5
85,150,5,5
85,151,5,5
85,152,5,5
86,185,1,1
86,186,1,1
87,91,6,6
87,92,6,6
87,159,6,6
87,160,6,6
87,161,6,6
88,90,9,9
88,89,9,9
89,90,9,9
91,92,6,6
91,159,6,6
91,160,6,6
91,161,6,6
93,123,5,5
93,187,5,5
93,149,5,5
93,150,5,5
93,151,5,5
93,152,5,5
94,96,6,6
94,97,6,6
94,159,6,6
94,160,6,6
94,161,6,6
95,188,5,5
95,189,5,2
95,149,5,5
95,150,5,5
95,151,5,5
95,152,5,5
96,97,6,6
96,159,6,6
96,160,6,6
96,161,6,6
98,100,5,5
98,190,5,5
98,149,5,5
98,150,5,5
98,151,5,5
98,152,5,5
99,101,10,10
99,102,10,10
100,190,5,5
100,149,5,5
100,150,5,5
100,151,5,5
100,152,5,5
101,102,10,10
103,104,11,11
103,105,11,11
104,105,11,11
106,108,10,10
106,109,10,10
107,191,1,1
107,192,1,1
108,109,10,10
110,112,10,10
110,111,10,10
111,112,10,10
113,193,5,5
113,194,5,5
113,149,5,5
113,150,5,5
113,151,5,5
113,152,5,5
114,116,9,9
114,115,9,9
114,149,9,5
114,150,9,5
114,151,9,5
114,152,9,5
115,116,9,9
116,149,9,5
116,150,9,5
116,151,9,5
116,152,9,5
117,195,1,1
117,196,1,1
119,120,0,0
121,122,1,1
126,127,12,12
132,133,1,1
134,135,1,1
137,138,1,1
140,141,1,1
143,144,1,1
145,146,1,1
162,163,5,5
171,172,3,3
173,174,5,5
176,177,5,5
181,182,1,1
185,186,1,1
195,196,1,1
38,197,2,14
38,198,2,14
38,199,2,2
38,201,2,2
38,202,2,2
38,203,2,2
38,204,2,2
38,205,2,2
38,206,2,2
38,207,2,2
38,208,2,1
38,209,2,1
38,211,2,2
38,212,2,2
38,214,2,2
38,215,2,2
38,216,2,2
38,217,2,2
38,218,2,2
38,219,2,2
199,200,2,2
209,210,1,1
212,213,2,2
38,220,2,2
38,221,2,2
38,222,2,2
38,223,2,2
38,224,2,2
38,225,2,2
38,227,2,2
38,228,2,2
38,229,2,2
38,230,2,2
38,231,2,2
38,232,2,2
38,233,2,2
38,234,2,2
38,235,2,2
38,237,2,2
38,238,2,2
38,239,2,2
38,240,2,2
38,241,2,2
225,226,2,2
235,236,2,2
82,239,2,2
38,242,2,2
38,243,2,2
38,245,2,2
38,246,2,2
38,247,2,2
38,248,2,2
38,250,2,1
38,252,2,1
38,253,2,2
38,254,2,2
38,255,2,1
38,257,2,1
38,259,2,1
38,260,2,2
38,261,2,1
38,262,2,2
38,264,2,2
38,265,2,2
38,267,2,2
38,269,2,2
243,244,2,2
248,249,2,2
250,251,1,1
255,256,1,1
257,258,1,1
262,263,2,2
265,266,2,2
267,268,2,2
38,270,2,2
38,271,2,2
38,273,2,2
38,274,2,2
38,275,2,2
38,277,2,2
38,278,2,2
38,279,2,2
38,281,2,1
38,283,2,1
38,284,2,2
38,285,2,2
38,287,2,2
38,289,2,2
38,290,2,2
38,292,2,2
38,293,2,2
38,294,2,2
38,295,2,2
38,296,2,2
197,198,14,14
197,297,14,14
197,298,14,14
197,299,14,14
198,297,14,14
198,298,14,14
198,299,14,14
199,202,2,2
199,200,2,2
35,199,1,2
39,199,2,2
40,199,2,2
41,199,2,2
201,204,2,2
201,300,2,10
39,201,2,2
40,201,2,2
41,201,2,2
200,202,2,2
35,202,1,2
39,202,2,2
40,202,2,2
41,202,2,2
203,205,2,2
203,301,2,12
35,203,1,2
39,203,2,2
40,203,2,2
41,203,2,2
204,300,2,10
204,302,2,2
39,204,2,2
40,204,2,2
41,204,2,2
205,301,2,12
35,205,1,2
39,205,2,2
40,205,2,2
41,205,2,2
206,207,2,2
206,303,2,1
35,206,1,2
39,206,2,2
40,206,2,2
41,206,2,2
207,303,2,1
35,207,1,2
39,207,2,2
40,207,2,2
41,207,2,2
208,209,1,1
208,210,1,1
35,208,1,1
39,208,2,1
40,208,2,1
41,208,2,1
209,210,1,1
35,209,1,1
39,209,2,1
40,209,2,1
41,209,2,1
211,218,2,2
211,304,2,12
35,211,1,2
39,211,2,2
40,211,2,2
41,211,2,2
212,215,2,2
212,213,2,2
35,212,1,2
39,212,2,2
40,212,2,2
41,212,2,2
214,216,2,2
214,305,2,3
35,214,1,2
39,214,2,2
40,214,2,2
41,214,2,2
213,215,2,2
35,215,1,2
39,215,2,2
40,215,2,2
41,215,2,2
216,305,2,3
35,216,1,2
39,216,2,2
40,216,2,2
41,216,2,2
217,219,2,2
217,306,2,1
35,217,1,2
39,217,2,2
40,217,2,2
41,217,2,2
218,304,2,12
35,218,1,2
39,218,2,2
40,218,2,2
41,218,2,2
219,306,2,1
35,219,1,2
39,219,2,2
40,219,2,2
41,219,2,2
220,221,2,2
220,307,2,2
35,220,1,2
220,308,2,2
41,220,2,2
221,307,2,2
35,221,1,2
221,308,2,2
41,221,2,2
222,223,2,2
222,309,2,2
35,222,1,2
39,222,2,2
40,222,2,2
41,222,2,2
223,309,2,2
35,223,1,2
39,223,2,2
40,223,2,2
41,223,2,2
224,228,2,2
224,310,2,3
35,224,1,2
39,224,2,2
40,224,2,2
41,224,2,2
225,227,2,2
225,226,2,2
35,225,1,2
39,225,2,2
40,225,2,2
41,225,2,2
226,227,2,2
35,227,1,2
39,227,2,2
40,227,2,2
41,227,2,2
228,310,2,3
35,228,1,2
39,228,2,2
40,228,2,2
41,228,2,2
229,230,2,2
229,311,2,12
35,229,1,2
39,229,2,2
40,229,2,2
41,229,2,2
230,311,2,12
35,230,1,2
39,230,2,2
40,230,2,2
41,230,2,2
231,233,2,2
231,312,2,3
35,231,1,2
39,231,2,2
40,231,2,2
41,231,2,2
232,234,2,2
232,313,2,1
232,314,2,2
39,232,2,2
40,232,2,2
41,232,2,2
233,312,2,3
35,233,1,2
39,233,2,2
40,233,2,2
41,233,2,2
234,313,2,1
234,314,2,2
39,234,2,2
40,234,2,2
41,234,2,2
235,238,2,2
235,236,2,2
35,235,1,2
39,235,2,2
40,235,2,2
41,235,2,2
237,239,2,2
82,237,2,2
35,237,1,2
39,237,2,2
40,237,2,2
41,237,2,2
236,238,2,2
35,238,1,2
39,238,2,2
40,238,2,2
41,238,2,2
82,239,2,2
35,239,1,2
39,239,2,2
40,239,2,2
41,239,2,2
240,241,2,2
240,315,2,2
35,240,1,2
39,240,2,2
40,240,2,2
41,240,2,2
241,315,2,2
35,241,1,2
39,241,2,2
40,241,2,2
41,241,2,2
242,243,2,2
242,244,2,2
35,242,1,2
39,242,2,2
40,242,2,2
41,242,2,2
243,244,2,2
35,243,1,2
39,243,2,2
40,243,2,2
41,243,2,2
245,247,2,2
245,316,2,1
35,245,1,2
39,245,2,2
40,245,2,2
41,245,2,2
246,248,2,2
246,249,2,2
35,246,1,2
39,246,2,2
40,246,2,2
41,246,2,2
247,316,2,1
35,247,1,2
39,247,2,2
40,247,2,2
41,247,2,2
248,249,2,2
35,248,1,2
39,248,2,2
40,248,2,2
41,248,2,2
250,252,1,1
250,251,1,1
35,250,1,1
39,250,2,1
40,250,2,1
41,250,2,1
251,252,1,1
39,252,2,1
40,252,2,1
41,252,2,1
253,254,2,2
253,317,2,2
35,253,1,2
39,253,2,2
40,253,2,2
41,253,2,2
254,317,2,2
35,254,1,2
39,254,2,2
40,254,2,2
41,254,2,2
255,259,1,1
255,256,1,1
35,255,1,1
39,255,2,1
40,255,2,1
41,255,2,1
257,261,1,1
257,258,1,1
35,257,1,1
39,257,2,1
40,257,2,1
41,257,2,1
256,259,1,1
35,259,1,1
39,259,2,1
40,259,2,1
41,259,2,1
260,265,2,2
260,266,2,2
35,260,1,2
39,260,2,2
40,260,2,2
41,260,2,2
258,261,1,1
35,261,1,1
39,261,2,1
40,261,2,1
41,261,2,1
262,264,2,2
262,263,2,2
35,262,1,2
39,262,2,2
40,262,2,2
41,262,2,2
263,264,2,2
35,264,1,2
39,264,2,2
40,264,2,2
41,264,2,2
265,266,2,2
35,265,1,2
39,265,2,2
40,265,2,2
41,265,2,2
267,269,2,2
267,268,2,2
35,267,1,2
39,267,2,2
40,267,2,2
41,267,2,2
268,269,2,2
35,269,1,2
39,269,2,2
40,269,2,2
41,269,2,2
271,272,2,2
275,276,2,2
279,280,2,2
281,282,1,1
285,286,2,2
287,288,2,2
290,291,2,2
270,271,2,2
270,272,2,2
35,270,1,2
39,270,2,2
40,270,2,2
41,270,2,2
271,272,2,2
35,271,1,2
39,271,2,2
40,271,2,2
41,271,2,2
273,275,2,2
273,276,2,2
35,273,1,2
39,273,2,2
40,273,2,2
41,273,2,2
274,278,2,2
89,274,9,2
35,274,1,2
39,274,2,2
40,274,2,2
41,274,2,2
275,276,2,2
35,275,1,2
39,275,2,2
40,275,2,2
41,275,2,2
277,279,2,2
277,280,2,2
35,277,1,2
39,277,2,2
40,277,2,2
41,277,2,2
89,278,9,2
35,278,1,2
39,278,2,2
40,278,2,2
41,278,2,2
279,280,2,2
35,279,1,2
39,279,2,2
40,279,2,2
41,279,2,2
281,283,1,1
281,282,1,1
281,318,1,1
39,281,2,1
40,281,2,1
41,281,2,1
282,283,1,1
283,318,1,1
39,283,2,1
40,283,2,1
41,283,2,1
284,285,2,2
284,286,2,2
39,284,2,2
40,284,2,2
41,284,2,2
287,289,2,2
287,288,2,2
35,287,1,2
39,287,2,2
40,287,2,2
41,287,2,2
288,289,2,2
35,289,1,2
39,289,2,2
40,289,2,2
41,289,2,2
290,292,2,2
290,291,2,2
35,290,1,2
39,290,2,2
40,290,2,2
41,290,2,2
291,292,2,2
35,292,1,2
39,292,2,2
40,292,2,2
41,292,2,2
293,294,2,2
293,319,2,2
35,293,1,2
39,293,2,2
40,293,2,2
41,293,2,2
294,319,2,2
35,294,1,2
39,294,2,2
40,294,2,2
41,294,2,2
295,320,2,2
295,321,2,9
35,295,1,2
39,295,2,2
40,295,2,2
41,295,2,2
296,322,2,2
296,323,2,2
35,296,1,2
39,296,2,2
40,296,2,2
41,296,2,2
285,286,2,2
35,285,1,2
39,285,2,2
40,285,2,2
41,285,2,2
320,321,2,9
35,320,1,2
38,320,2,2
39,320,2,2
40,320,2,2
41,320,2,2
38,324,2,2
38,325,2,2
38,326,2,2
38,327,2,2
38,322,2,2
38,328,2,2
38,329,2,2
38,330,2,2
38,331,2,2
38,333,2,2
38,334,2,2
38,335,2,2
38,336,2,2
38,337,2,1
38,338,2,1
38,340,2,15
38,341,2,16
38,342,2,2
38,344,2,16
331,332,2,2
189,334,2,2
338,339,1,1
342,343,2,2
344,345,16,16
38,346,2,2
38,347,2,15
38,349,2,2
38,350,2,2
38,351,2,2
38,352,2,2
38,353,2,1
38,355,2,2
38,356,2,2
38,357,2,2
38,358,2,2
38,359,2,2
38,360,2,2
38,361,2,2
38,362,2,1
38,363,2,12
38,365,2,1
38,367,2,12
38,368,2,2
38,369,2,2
347,348,15,15
353,354,1,1
146,358,1,2
363,364,12,12
365,366,1,1
210,370,1,12
210,371,1,1
210,372,1,1
210,373,1,1
210,374,1,1
210,375,1,1
210,376,1,1
210,377,1,1
210,378,1,1
210,379,1,1
210,380,1,1
210,381,1,1
210,382,1,1
210,383,1,1
210,384,1,1
210,385,1,1
210,386,1,1
210,387,1,1
324,327,2,2
324,388,2,10
39,324,2,2
40,324,2,2
41,324,2,2
325,326,2,2
325,389,2,1
35,325,1,2
39,325,2,2
40,325,2,2
41,325,2,2
326,389,2,1
35,326,1,2
39,326,2,2
40,326,2,2
41,326,2,2
327,388,2,10
35,327,1,2
39,327,2,2
40,327,2,2
41,327,2,2
328,329,2,2
172,328,3,2
35,328,1,2
39,328,2,2
40,328,2,2
41,328,2,2
172,329,3,2
35,329,1,2
39,329,2,2
40,329,2,2
41,329,2,2
330,331,2,2
330,332,2,2
35,330,1,2
39,330,2,2
40,330,2,2
41,330,2,2
331,332,2,2
35,331,1,2
39,331,2,2
40,331,2,2
41,331,2,2
333,336,2,2
333,390,2,2
35,333,1,2
39,333,2,2
40,333,2,2
41,333,2,2
334,335,2,2
189,335,2,2
35,335,1,2
39,335,2,2
40,335,2,2
41,335,2,2
336,390,2,2
35,336,1,2
39,336,2,2
40,336,2,2
41,336,2,2
337,338,1,1
337,339,1,1
35,337,1,1
39,337,2,1
40,337,2,1
41,337,2,1
338,339,1,1
35,338,1,1
39,338,2,1
40,338,2,1
41,338,2,1
340,347,15,15
340,348,15,15
35,340,1,15
39,340,2,15
40,340,2,15
41,340,2,15
341,344,16,16
341,345,16,16
35,341,1,16
39,341,2,16
40,341,2,16
41,341,2,16
342,346,2,2
342,343,2,2
35,342,1,2
39,342,2,2
40,342,2,2
41,342,2,2
344,345,16,16
35,344,1,16
39,344,2,16
40,344,2,16
41,344,2,16
343,346,2,2
35,346,1,2
39,346,2,2
40,346,2,2
41,346,2,2
347,348,15,15
39,347,2,15
40,347,2,15
41,347,2,15
349,350,2,2
349,391,2,17
349,392,2,2
39,349,2,2
40,349,2,2
41,349,2,2
350,391,2,17
350,392,2,2
39,350,2,2
40,350,2,2
41,350,2,2
351,352,2,2
351,393,2,2
35,351,1,2
39,351,2,2
40,351,2,2
41,351,2,2
352,393,2,2
35,352,1,2
39,352,2,2
40,352,2,2
41,352,2,2
353,355,1,2
353,354,1,1
39,353,2,1
40,353,2,1
41,353,2,1
355,394,2,2
35,355,1,2
39,355,2,2
40,355,2,2
41,355,2,2
356,357,2,2
356,395,2,2
35,356,1,2
39,356,2,2
40,356,2,2
41,356,2,2
357,395,2,2
35,357,1,2
39,357,2,2
40,357,2,2
41,357,2,2
358,359,2,2
146,359,1,2
35,359,1,2
39,359,2,2
40,359,2,2
41,359,2,2
360,361,2,2
360,396,2,18
360,397,2,2
39,360,2,2
40,360,2,2
41,360,2,2
361,396,2,18
361,397,2,2
39,361,2,2
40,361,2,2
41,361,2,2
362,365,1,1
362,366,1,1
35,362,1,1
39,362,2,1
40,362,2,1
41,362,2,1
363,367,12,12
363,364,12,12
35,363,1,12
39,363,2,12
40,363,2,12
41,363,2,12
365,366,1,1
35,365,1,1
39,365,2,1
40,365,2,1
41,365,2,1
364,367,12,12
35,367,1,12
39,367,2,12
40,367,2,12
41,367,2,12
368,369,2,2
368,398,2,12
35,368,1,2
39,368,2,2
40,368,2,2
41,368,2,2
369,398,2,12
35,369,1,2
39,369,2,2
40,369,2,2
41,369,2,2
149,399,5,5
149,401,5,5
149,402,5,5
149,403,5,5
149,404,5,5
149,405,5,5
149,406,5,5
149,407,5,5
149,408,5,5
149,409,5,5
149,410,5,5
149,411,5,5
149,412,5,5
149,414,5,5
149,415,5,5
149,416,5,5
149,418,5,5
149,419,5,5
149,421,5,5
149,422,5,5
399,400,5,5
412,413,5,5
416,417,5,5
419,420,5,5
149,423,5,5
149,424,5,5
149,425,5,5
149,426,5,5
149,428,5,5
149,430,5,5
149,431,5,5
149,433,5,5
149,435,5,5
149,436,5,5
149,438,5,5
149,439,5,5
149,440,5,5
149,442,5,5
149,443,5,5
149,444,5,5
149,445,5,5
149,446,5,5
149,448,5,5
149,450,5,5
426,427,5,5
428,429,5,5
431,432,5,5
433,434,5,5
436,437,5,5
440,441,5,5
446,447,5,5
448,449,5,5
149,451,5,5
149,452,5,5
149,453,5,5
149,455,5,5
149,456,5,5
149,457,5,5
149,458,5,5
149,459,5,5
149,461,5,5
149,462,5,5
149,463,5,5
149,464,5,5
149,466,5,5
149,467,5,5
149,468,5,5
149,469,5,5
149,470,5,5
149,471,5,5
149,472,5,5
149,473,5,5
453,454,5,5
459,460,5,5
464,465,5,5
68,474,8,9
68,475,8,8
68,476,8,8
68,477,8,8
68,478,8,8
68,479,8,8
68,480,8,8
68,481,8,8
68,482,8,8
68,483,8,8
68,484,8,8
68,485,8,8
68,486,8,8
68,487,8,8
68,488,8,8
68,489,8,8
68,490,8,8
68,491,8,8
149,492,5,5
149,493,5,5
149,495,5,5
149,496,5,5
149,497,5,5
149,498,5,5
149,500,5,5
149,501,5,5
149,503,5,5
149,504,5,5
149,505,5,5
149,506,5,5
149,508,5,5
149,509,5,5
149,511,5,5
149,512,5,5
149,513,5,5
149,514,5,5
149,515,5,5
149,516,5,5
399,517,5,5
399,400,5,5
150,399,5,5
151,399,5,5
152,399,5,5
401,402,5,5
401,518,5,5
150,401,5,5
151,401,5,5
152,401,5,5
402,518,5,5
150,402,5,5
151,402,5,5
152,402,5,5
403,519,5,5
403,520,5,5
150,403,5,5
151,403,5,5
152,403,5,5
404,521,5,5
404,522,5,5
150,404,5,5
151,404,5,5
152,404,5,5
405,406,5,5
405,523,5,5
150,405,5,5
151,405,5,5
152,405,5,5
406,523,5,5
150,406,5,5
151,406,5,5
152,406,5,5
407,524,5,5
407,525,5,5
150,407,5,5
151,407,5,5
152,407,5,5
408,409,5,5
408,526,5,5
150,408,5,5
151,408,5,5
152,408,5,5
409,526,5,5
150,409,5,5
151,409,5,5
152,409,5,5
410,527,5,5
410,528,5,5
150,410,5,5
151,410,5,5
152,410,5,5
411,412,5,5
411,413,5,5
150,411,5,5
151,411,5,5
152,411,5,5
412,413,5,5
150,412,5,5
151,412,5,5
152,412,5,5
414,529,5,5
414,530,5,5
150,414,5,5
151,414,5,5
152,414,5,5
415,416,5,5
415,417,5,5
150,415,5,5
151,415,5,5
152,415,5,5
416,417,5,5
150,416,5,5
151,416,5,5
152,416,5,5
418,419,5,5
418,420,5,5
150,418,5,5
151,418,5,5
152,418,5,5
419,420,5,5
150,419,5,5
151,419,5,5
152,419,5,5
421,531,5,5
421,532,5,5
150,421,5,5
151,421,5,5
152,421,5,5
422,423,5,5
422,533,5,5
150,422,5,5
151,422,5,5
152,422,5,5
423,533,5,5
150,423,5,5
151,423,5,5
152,423,5,5
424,428,5,5
424,429,5,5
150,424,5,5
151,424,5,5
152,424,5,5
425,426,5,5
425,427,5,5
150,425,5,5
151,425,5,5
152,425,5,5
426,427,5,5
150,426,5,5
151,426,5,5
152,426,5,5
428,429,5,5
150,428,5,5
151,428,5,5
152,428,5,5
430,431,5,5
430,432,5,5
150,430,5,5
151,430,5,5
152,430,5,5
431,432,5,5
150,431,5,5
151,431,5,5
152,431,5,5
433,534,5,5
433,434,5,5
150,433,5,5
151,433,5,5
152,433,5,5
435,440,5,5
435,441,5,5
150,435,5,5
151,435,5,5
152,435,5,5
436,535,5,5
436,437,5,5
150,436,5,5
151,436,5,5
152,436,5,5
438,443,5,5
438,536,5,5
150,438,5,5
151,438,5,5
152,438,5,5
439,537,5,5
439,538,5,5
150,439,5,5
151,439,5,5
152,439,5,5
440,441,5,5
150,440,5,5
151,440,5,5
152,440,5,5
442,539,5,5
442,540,5,5
150,442,5,5
151,442,5,5
152,442,5,5
443,536,5,5
150,443,5,5
151,443,5,5
152,443,5,5
444,445,5,5
444,541,5,5
150,444,5,5
151,444,5,5
152,444,5,5
445,541,5,5
150,445,5,5
151,445,5,5
152,445,5,5
446,542,5,5
446,447,5,5
150,446,5,5
151,446,5,5
152,446,5,5
448,450,5,5
448,449,5,5
150,448,5,5
151,448,5,5
152,448,5,5
449,450,5,5
150,450,5,5
151,450,5,5
152,450,5,5
451,453,5,5
451,454,5,5
150,451,5,5
151,451,5,5
152,451,5,5
452,455,5,5
452,543,5,5
150,452,5,5
151,452,5,5
152,452,5,5
453,454,5,5
150,453,5,5
151,453,5,5
152,453,5,5
455,543,5,5
150,455,5,5
151,455,5,5
152,455,5,5
456,544,5,5
456,545,5,5
150,456,5,5
151,456,5,5
152,456,5,5
457,458,5,5
457,546,5,5
150,457,5,5
151,457,5,5
152,457,5,5
458,546,5,5
150,458,5,5
151,458,5,5
152,458,5,5
459,547,5,5
459,460,5,5
150,459,5,5
151,459,5,5
152,459,5,5
461,548,5,5
461,549,5,5
150,461,5,5
151,461,5,5
152,461,5,5
462,550,5,5
462,551,5,5
150,462,5,5
151,462,5,5
152,462,5,5
463,464,5,5
463,465,5,5
150,463,5,5
151,463,5,5
152,463,5,5
464,465,5,5
150,464,5,5
151,464,5,5
152,464,5,5
466,552,5,5
466,553,5,5
150,466,5,5
151,466,5,5
152,466,5,5
467,554,5,5
467,555,5,5
150,467,5,5
151,467,5,5
152,467,5,5
468,556,5,5
468,557,5,5
150,468,5,5
151,468,5,5
152,468,5,5
469,472,5,5
469,558,5,5
150,469,5,5
151,469,5,5
152,469,5,5
470,471,5,5
470,559,5,5
150,470,5,5
151,470,5,5
152,470,5,5
471,559,5,5
150,471,5,5
151,471,5,5
152,471,5,5
472,558,5,5
150,472,5,5
151,472,5,5
152,472,5,5
473,492,5,5
473,560,5,5
150,473,5,5
151,473,5,5
152,473,5,5
493,494,5,5
498,499,5,5
501,502,5,5
506,507,5,5
509,510,5,5
519,520,5,5
529,530,5,5
544,545,5,5
550,551,5,5
554,555,5,5
498,561,5,5
498,499,5,5
150,498,5,5
151,498,5,5
152,498,5,5
537,538,5,5
149,537,5,5
150,537,5,5
151,537,5,5
152,537,5,5
495,496,5,5
495,562,5,5
150,495,5,5
151,495,5,5
152,495,5,5
493,497,5,5
494,497,5,5
150,497,5,5
151,497,5,5
152,497,5,5
500,501,5,5
500,502,5,5
150,500,5,5
151,500,5,5
152,500,5,5
503,563,5,5
503,564,5,5
150,503,5,5
151,503,5,5
152,503,5,5
505,506,5,5
505,507,5,5
150,505,5,5
151,505,5,5
152,505,5,5
508,565,5,5
508,566,5,5
150,508,5,5
151,508,5,5
152,508,5,5
511,567,5,5
511,568,5,5
150,511,5,5
151,511,5,5
152,511,5,5
513,569,5,5
513,570,5,5
150,513,5,5
151,513,5,5
152,513,5,5
515,516,5,5
516,571,5,5
150,516,5,5
151,516,5,5
152,516,5,5
569,570,5,5
176,177,5,5
35,176,1,5
149,176,5,5
150,176,5,5
151,176,5,5
152,176,5,5
147,148,5,5
35,147,1,5
147,149,5,5
147,150,5,5
147,151,5,5
147,152,5,5
35,572,1,1
35,573,1,1
35,574,1,2
35,575,1,2
35,576,1,1
35,577,1,1
35,578,1,1
35,579,1,1
35,580,1,1
35,581,1,1
35,582,1,1
35,583,1,1
35,584,1,1
35,585,1,1
35,586,1,1
35,587,1,1
35,589,1,1
35,590,1,1
35,591,1,1
35,592,1,1
118,121,1,1
118,122,1,1
119,125,0,0
119,120,0,0
121,122,1,1
123,187,5,5
123,149,5,5
123,150,5,5
123,151,5,5
123,152,5,5
124,126,12,12
124,127,12,12
120,125,0,0
126,127,12,12
128,131,13,13
128,593,13,13
129,132,1,1
129,133,1,1
130,134,1,1
130,135,1,1
131,593,13,13
132,133,1,1
134,135,1,1
136,137,1,1
136,138,1,1
137,138,1,1
139,594,5,5
139,595,5,5
139,149,5,5
139,150,5,5
139,151,5,5
139,152,5,5
140,142,1,1
140,141,1,1
141,142,1,1
143,596,1,1
143,144,1,1
312,370,3,12
312,597,3,3
312,598,3,3
312,599,3,3
312,600,3,3
312,601,3,3
312,602,3,3
312,603,3,3
312,604,3,3
312,605,3,3
312,606,3,3
312,607,3,3
312,608,3,3
312,609,3,3
312,610,3,3
34,312,3,3
587,588,1,1
594,595,5,5
572,611,1,1
572,612,1,1
145,573,1,1
146,573,1,1
574,575,2,2
307,574,2,2
307,575,2,2
576,578,1,1
576,613,1,1
577,614,1,1
577,615,1,1
578,613,1,1
579,580,1,1
579,616,1,1
581,582,1,1
581,617,1,1
582,617,1,1
583,584,1,1
583,618,1,1
584,618,1,1
585,586,1,1
585,619,1,1
586,619,1,1
589,590,1,1
589,620,1,1
590,620,1,1
587,591,1,1
588,591,1,1
592,621,1,1
592,622,1,1
611,612,1,1
172,474,3,9
172,623,3,3
172,624,3,3
172,625,3,3
172,626,3,3
172,627,3,3
172,628,3,3
172,629,3,3
172,630,3,3
172,631,3,3
172,632,3,3
172,633,3,3
172,634,3,3
172,635,3,3
172,636,3,3
172,637,3,3
172,638,3,3
300,639,10,10
300,640,10,10
300,641,10,10
300,642,10,10
300,643,10,10
300,644,10,10
300,645,10,10
300,646,10,10
300,647,10,10
300,648,10,10
300,649,10,10
300,650,10,10
300,651,10,10
300,652,10,10
300,653,10,10
300,654,10,10
300,655,10,10
300,656,10,10
26,302,2,2
313,370,1,12
313,657,1,19
313,658,1,1
313,659,1,1
313,660,1,1
313,661,1,1
313,662,1,1
313,663,1,1
313,664,1,1
313,665,1,1
313,666,1,1
313,667,1,1
313,668,1,1
313,669,1,1
313,670,1,1
313,671,1,1
313,672,1,2
313,673,1,2
26,314,2,2
26,318,2,1
354,370,1,12
354,674,1,1
354,675,1,1
354,676,1,19
354,677,1,1
354,678,1,1
354,679,1,1
354,680,1,1
354,681,1,1
354,682,1,1
354,683,1,1
354,684,1,1
354,685,1,1
354,686,1,1
354,687,1,1
354,688,1,1
354,689,1,1
354,690,1,1
354,691,1,2
391,639,17,10
391,692,17,17
391,693,17,17
391,694,17,17
391,695,17,17
391,696,17,17
391,697,17,17
391,698,17,17
391,699,17,17
391,700,17,17
391,701,17,17
391,702,17,17
391,703,17,17
391,704,17,17
391,705,17,17
391,706,17,17
391,707,17,17
391,708,17,17
26,392,2,2
396,639,18,10
396,709,18,18
396,710,18,18
396,711,18,18
396,712,18,18
396,713,18,18
396,714,18,18
396,715,18,18
396,716,18,18
396,717,18,18
396,718,18,18
396,719,18,18
396,720,18,18
396,721,18,18
396,722,18,18
396,723,18,18
396,724,18,18
396,725,18,18
26,397,2,2
313,726,1,19
34,313,3,1
391,727,17,17
391,728,17,17
391,729,17,17
391,730,17,17
391,731,17,17
391,732,17,17
391,733,17,17
391,734,17,17
391,735,17,17
34,391,3,17
396,736,18,18
396,737,18,18
396,738,18,18
396,739,18,18
396,740,18,18
396,741,18,18
396,742,18,18
396,743,18,18
396,744,18,18
396,745,18,18
396,746,18,18
396,747,18,18
396,748,18,18
34,396,3,18
657,726,19,19
35,657,1,19
657,749,19,19
657,750,19,19
657,751,19,19
658,659,1,1
35,658,1,1
35,659,1,1
660,661,1,1
35,660,1,1
35,661,1,1
662,663,1,1
35,662,1,1
35,663,1,1
664,665,1,1
35,664,1,1
35,665,1,1
666,667,1,1
35,666,1,1
35,667,1,1
668,669,1,1
35,668,1,1
35,669,1,1
670,671,1,1
35,670,1,1
35,671,1,1
672,673,2,2
35,672,1,2
38,672,2,2
39,672,2,2
40,672,2,2
41,672,2,2
35,673,1,2
38,673,2,2
39,673,2,2
40,673,2,2
41,673,2,2
692,693,17,17
35,692,1,17
35,693,1,17
694,695,17,17
35,694,1,17
35,695,1,17
696,697,17,17
35,696,1,17
35,697,1,17
698,699,17,17
35,698,1,17
35,699,1,17
700,701,17,17
35,700,1,17
35,701,1,17
702,703,17,17
35,702,1,17
35,703,1,17
704,705,17,17
35,705,1,17
706,707,17,17
706,752,17,17
707,752,17,17
708,727,17,17
35,708,1,17
709,710,18,18
35,709,1,18
35,710,1,18
711,712,18,18
35,711,1,18
35,712,1,18
713,714,18,18
35,713,1,18
35,714,1,18
715,716,18,18
35,715,1,18
35,716,1,18
717,718,18,18
35,717,1,18
35,718,1,18
719,720,18,18
35,719,1,18
35,720,1,18
721,722,18,18
35,721,1,18
721,753,18,18
721,754,18,18
721,755,18,18
35,722,1,18
722,753,18,18
722,754,18,18
722,755,18,18
723,724,18,18
723,756,18,18
724,756,18,18
725,738,18,18
35,725,1,18
210,757,1,1
210,758,1,1
210,759,1,1
34,210,3,1
354,760,1,2
354,761,1,19
34,354,3,1
371,372,1,1
35,371,1,1
35,372,1,1
373,374,1,1
35,373,1,1
35,374,1,1
375,376,1,1
35,375,1,1
35,376,1,1
377,378,1,1
35,377,1,1
35,378,1,1
379,380,1,1
35,379,1,1
379,762,1,1
379,763,1,1
35,380,1,1
380,762,1,1
380,763,1,1
381,382,1,1
35,381,1,1
35,382,1,1
383,384,1,1
35,384,1,1
385,386,1,1
35,385,1,1
35,386,1,1
387,757,1,1
35,387,1,1
674,675,1,1
35,674,1,1
35,675,1,1
676,761,19,19
35,676,1,19
676,749,19,19
676,750,19,19
676,751,19,19
677,678,1,1
35,677,1,1
35,678,1,1
679,680,1,1
35,679,1,1
35,680,1,1
681,682,1,1
35,681,1,1
35,682,1,1
683,684,1,1
35,683,1,1
35,684,1,1
685,686,1,1
35,685,1,1
35,686,1,1
687,688,1,1
35,687,1,1
35,688,1,1
689,690,1,1
35,689,1,1
35,690,1,1
691,760,2,2
35,691,1,2
38,691,2,2
39,691,2,2
40,691,2,2
41,691,2,2
26,752,2,17
26,756,2,18
391,707,17,17
26,36,2,0
300,764,10,10
34,300,3,10
640,641,10,10
35,640,1,10
35,641,1,10
642,643,10,10
35,642,1,10
35,643,1,10
644,645,10,10
35,644,1,10
35,645,1,10
646,647,10,10
35,646,1,10
35,647,1,10
648,649,10,10
35,648,1,10
35,649,1,10
650,651,10,10
35,650,1,10
35,651,1,10
652,653,10,10
35,652,1,10
35,653,1,10
654,655,10,10
35,654,1,10
35,655,1,10
656,764,10,10
35,656,1,10
172,765,3,3
172,766,3,3
172,767,3,3
172,768,3,3
171,172,3,3
34,172,3,3
68,769,8,8
34,68,3,8
8,43,1,4
43,770,4,4
43,771,4,4
43,772,4,4
43,773,4,4
43,774,4,4
43,775,4,4
43,776,4,4
43,777,4,4
43,778,4,4
43,779,4,4
43,780,4,4
43,781,4,4
43,782,4,4
43,783,4,4
43,784,4,4
43,785,4,4
43,786,4,4
51,474,6,9
51,787,6,6
51,788,6,6
51,789,6,6
51,790,6,6
51,791,6,6
51,792,6,6
51,793,6,6
51,794,6,6
51,795,6,6
51,796,6,6
51,797,6,6
51,798,6,6
51,799,6,6
51,800,6,6
51,801,6,6
51,802,6,6
51,803,6,6
54,474,7,9
54,804,7,7
54,805,7,7
54,806,7,7
54,807,7,7
54,808,7,7
54,809,7,7
54,810,7,7
54,811,7,7
54,812,7,7
54,813,7,7
54,814,7,7
54,815,7,7
54,816,7,7
54,817,7,7
54,818,7,7
54,819,7,7
54,820,7,7
58,474,3,9
58,821,3,3
58,822,3,3
58,823,3,3
58,824,3,3
58,825,3,3
58,826,3,3
58,827,3,3
58,828,3,3
58,829,3,3
58,830,3,3
58,831,3,3
58,832,3,3
58,833,3,3
58,834,3,3
58,835,3,3
58,836,3,3
34,58,3,3
74,474,9,9
74,837,9,9
74,838,9,9
74,839,9,9
74,840,9,9
74,841,9,9
74,842,9,9
74,843,9,9
74,844,9,9
74,845,9,9
74,846,9,9
74,847,9,9
74,848,9,9
74,849,9,9
74,850,9,9
74,851,9,9
74,852,9,9
74,180,9,9
34,74,3,9
77,639,10,10
77,853,10,10
77,854,10,10
77,855,10,10
77,856,10,10
77,857,10,10
77,858,10,10
77,859,10,10
77,860,10,10
77,861,10,10
77,862,10,10
77,863,10,10
77,864,10,10
77,865,10,10
77,866,10,10
77,867,10,10
77,868,10,10
77,869,10,10
82,639,2,10
82,870,2,2
82,871,2,2
82,872,2,2
82,873,2,2
82,874,2,2
82,875,2,2
82,876,2,2
82,877,2,2
82,878,2,2
82,879,2,2
82,880,2,2
82,881,2,2
82,882,2,2
82,883,2,2
82,884,2,2
89,474,9,9
89,885,9,9
89,886,9,9
89,887,9,9
89,888,9,9
89,889,9,9
89,890,9,9
89,891,9,9
89,892,9,9
89,893,9,9
89,894,9,9
89,895,9,9
89,896,9,9
89,897,9,9
89,898,9,9
89,899,9,9
92,474,6,9
92,900,6,6
92,901,6,6
92,902,6,6
92,903,6,6
92,904,6,6
92,905,6,6
92,906,6,6
92,907,6,6
92,908,6,6
92,909,6,6
92,910,6,6
92,911,6,6
92,912,6,6
92,913,6,6
92,914,6,6
92,915,6,6
34,92,3,6
97,474,6,9
97,916,6,6
97,917,6,6
97,918,6,6
97,919,6,6
97,920,6,6
97,921,6,6
97,922,6,6
97,923,6,6
97,924,6,6
97,925,6,6
97,926,6,6
97,927,6,6
97,928,6,6
97,929,6,6
97,930,6,6
97,931,6,6
97,932,6,6
102,639,10,10
102,933,10,10
102,934,10,10
102,935,10,10
102,936,10,10
102,937,10,10
102,938,10,10
102,939,10,10
102,940,10,10
102,941,10,10
102,942,10,10
102,943,10,10
102,944,10,10
102,945,10,10
102,946,10,10
102,947,10,10
102,948,10,10
102,949,10,10
105,639,11,10
105,950,11,11
105,951,11,11
105,952,11,11
105,953,11,11
105,954,11,11
105,955,11,11
105,956,11,11
105,957,11,11
105,958,11,11
105,959,11,11
105,960,11,11
105,961,11,11
105,962,11,11
105,963,11,11
105,964,11,11
105,965,11,11
105,966,11,11
109,639,10,10
109,967,10,10
109,968,10,10
109,969,10,10
109,970,10,10
109,971,10,10
109,972,10,10
109,973,10,10
109,974,10,10
109,975,10,10
109,976,10,10
109,977,10,10
109,978,10,10
109,979,10,10
109,980,10,10
109,981,10,10
109,982,10,10
109,983,10,10
111,639,10,10
111,984,10,10
111,985,10,10
111,986,10,10
111,987,10,10
111,988,10,10
111,989,10,10
111,990,10,10
111,991,10,10
111,992,10,10
111,993,10,10
111,994,10,10
111,995,10,10
111,996,10,10
111,997,10,10
111,998,10,10
111,999,10,10
111,1000,10,10
115,474,9,9
115,1001,9,9
115,1002,9,9
115,1003,9,9
115,1004,9,9
115,1005,9,9
115,1006,9,9
115,1007,9,9
115,1008,9,9
115,1009,9,9
115,1010,9,9
115,1011,9,9
115,1012,9,9
115,1013,9,9
115,1014,9,9
115,1015,9,9
115,1016,9,9
115,1017,9,9
120,639,0,10
120,1018,0,0
120,1019,0,0
120,1020,0,0
120,1021,0,0
120,1022,0,0
120,1023,0,0
120,1024,0,0
120,1025,0,0
120,1026,0,0
120,1027,0,0
120,1028,0,0
120,1029,0,0
120,1030,0,0
120,1031,0,0
120,1032,0,0
120,1033,0,0
120,1034,0,0
122,639,1,10
122,1035,1,1
122,1036,1,1
122,1037,1,1
122,1038,1,1
122,1039,1,1
122,1040,1,1
122,1041,1,1
122,1042,1,1
122,1043,1,1
122,1044,1,1
122,1045,1,1
122,1046,1,1
122,1047,1,1
122,1048,1,1
122,1049,1,1
122,1050,1,1
122,1051,1,1
127,370,12,12
127,1052,12,12
127,1053,12,12
127,1054,12,12
127,1055,12,12
127,1056,12,12
127,1057,12,12
127,1058,12,12
127,1059,12,12
127,1060,12,12
127,1061,12,12
127,1062,12,12
127,1063,12,12
127,1064,12,12
127,1065,12,12
127,1066,12,12
127,1067,12,12
127,1068,12,12
244,370,2,12
244,1069,2,2
244,1070,2,2
244,1071,2,2
244,1072,2,2
244,1073,2,2
244,1074,2,2
244,1075,2,2
244,1076,2,2
244,1077,2,2
244,1078,2,2
244,1079,2,2
244,1080,2,2
244,1081,2,2
244,1082,2,2
244,1083,2,2
244,1084,2,2
244,1085,2,2
251,639,1,10
251,1086,1,1
251,1087,1,1
251,1088,1,1
251,1089,1,1
251,1090,1,1
251,1091,1,1
251,1092,1,1
251,1093,1,1
251,1094,1,1
251,1095,1,1
251,1096,1,1
251,1097,1,1
251,1098,1,1
251,1099,1,1
251,1100,1,1
251,1101,1,1
251,1102,1,1
256,370,1,12
256,1103,1,1
256,1104,1,1
256,1105,1,1
256,1106,1,1
256,1107,1,1
256,1108,1,1
256,1109,1,1
256,1110,1,1
256,1111,1,1
256,1112,1,1
256,1113,1,1
256,1114,1,1
256,1115,1,1
256,1116,1,1
256,1117,1,1
256,1118,1,1
256,1119,1,19
272,370,2,12
272,1120,2,2
272,1121,2,2
272,1122,2,2
272,1123,2,2
272,1124,2,2
272,1125,2,2
272,1126,2,2
272,1127,2,2
272,1128,2,2
272,1129,2,2
272,1130,2,2
272,1131,2,2
272,1132,2,2
272,1133,2,2
272,1134,2,2
272,1135,2,2
34,272,3,2
280,370,2,12
280,1136,2,2
280,1137,2,2
280,1138,2,2
280,1139,2,2
280,1140,2,2
280,1141,2,2
280,1142,2,2
280,1143,2,2
280,1144,2,2
280,1145,2,2
280,1146,2,2
280,1147,2,2
280,1148,2,2
280,1149,2,2
280,1150,2,2
280,1151,2,2
280,1152,2,2
282,370,1,12
282,1153,1,1
282,1154,1,1
282,1155,1,1
282,1156,1,1
282,1157,1,1
282,1158,1,1
282,1159,1,1
282,1160,1,1
282,1161,1,1
282,1162,1,1
282,1163,1,1
282,1164,1,1
282,1165,1,1
282,1166,1,1
282,1167,1,1
282,1168,1,1
282,1169,1,19
286,370,2,12
286,1170,2,2
286,1171,2,2
286,1172,2,2
286,1173,2,2
286,1174,2,2
286,1175,2,2
286,1176,2,2
286,1177,2,2
286,1178,2,2
286,1179,2,2
286,1180,2,2
286,1181,2,2
286,1182,2,2
286,1183,2,2
286,1184,2,2
286,1185,2,2
286,1186,2,2
288,370,2,12
288,1187,2,2
288,1188,2,2
288,1189,2,2
288,1190,2,2
288,1191,2,2
288,1192,2,2
288,1193,2,2
288,1194,2,2
288,1195,2,2
288,1196,2,2
288,1197,2,2
288,1198,2,2
288,1199,2,2
288,1200,2,2
288,1201,2,2
288,1202,2,2
288,1203,2,2
291,639,2,10
291,1204,2,2
291,1205,2,2
291,1206,2,2
291,1207,2,2
291,1208,2,2
291,1209,2,2
291,1210,2,2
291,1211,2,2
291,1212,2,2
291,1213,2,2
291,1214,2,2
291,1215,2,2
291,1216,2,2
291,1217,2,2
291,1218,2,2
291,1219,2,2
291,1220,2,2
303,370,1,12
303,1221,1,1
303,1222,1,1
303,1223,1,1
303,1224,1,1
303,1225,1,1
303,1226,1,1
303,1227,1,1
303,1228,1,1
303,1229,1,1
303,1230,1,1
303,1231,1,1
303,1232,1,1
303,1233,1,1
303,1234,1,1
303,1235,1,1
303,1236,1,1
34,303,3,1
305,370,3,12
305,1237,3,3
305,1238,3,3
305,1239,3,3
305,1240,3,3
305,1241,3,3
305,1242,3,3
305,1243,3,3
305,1244,3,3
305,1245,3,3
305,1246,3,3
305,1247,3,3
305,1248,3,3
305,1249,3,3
305,1250,3,3
305,1251,3,3
305,1252,3,3
34,305,3,3
311,370,12,12
311,1253,12,12
311,1254,12,12
311,1255,12,12
311,1256,12,12
311,1257,12,12
311,1258,12,12
311,1259,12,12
311,1260,12,12
311,1261,12,12
311,1262,12,12
311,1263,12,12
311,1264,12,12
311,1265,12,12
311,1266,12,12
34,311,3,12
316,370,1,12
316,1267,1,19
316,1268,1,19
316,1269,1,1
316,1270,1,1
316,1271,1,1
316,1272,1,1
316,1273,1,1
316,1274,1,1
316,1275,1,1
316,1276,1,1
316,1277,1,1
316,1278,1,1
316,1279,1,1
316,1280,1,1
316,1281,1,1
316,1282,1,1
316,1283,1,2
322,323,2,2
35,322,1,2
39,322,2,2
40,322,2,2
41,322,2,2
332,370,2,12
332,1284,2,2
332,1285,2,2
332,1286,2,2
332,1287,2,2
332,1288,2,2
332,1289,2,2
332,1290,2,2
332,1291,2,2
332,1292,2,2
332,1293,2,2
332,1294,2,2
332,1295,2,2
332,1296,2,2
332,1297,2,2
34,332,3,2
343,639,2,10
343,1298,2,2
343,1299,2,2
343,1300,2,2
343,1301,2,2
343,1302,2,2
343,1303,2,2
343,1304,2,2
343,1305,2,2
343,1306,2,2
343,1307,2,2
343,1308,2,2
343,1309,2,2
343,1310,2,2
343,1311,2,2
343,1312,2,2
343,1313,2,2
343,1314,2,2
348,370,15,12
348,1315,15,15
348,1316,15,15
348,1317,15,15
348,1318,15,15
348,1319,15,15
348,1320,15,15
348,1321,15,15
348,1322,15,15
348,1323,15,15
348,1324,15,15
348,1325,15,15
348,1326,15,15
348,1327,15,15
348,1328,15,15
348,1329,15,15
348,1330,15,15
348,1331,15,19
366,639,1,10
366,1332,1,1
366,1333,1,1
366,1334,1,1
366,1335,1,1
366,1336,1,1
366,1337,1,1
366,1338,1,1
366,1339,1,1
366,1340,1,1
366,1341,1,1
366,1342,1,1
366,1343,1,1
366,1344,1,1
366,1345,1,1
366,1346,1,1
366,1347,1,1
366,1348,1,1
388,639,10,10
388,1349,10,10
388,1350,10,10
388,1351,10,10
388,1352,10,10
388,1353,10,10
388,1354,10,10
388,1355,10,10
388,1356,10,10
388,1357,10,10
388,1358,10,10
388,1359,10,10
388,1360,10,10
388,1361,10,10
388,1362,10,10
388,1363,10,10
388,1364,10,10
388,1365,10,10
226,370,2,12
226,1366,2,2
226,1367,2,2
226,1368,2,2
226,1369,2,2
226,1370,2,2
226,1371,2,2
226,1372,2,2
226,1373,2,2
226,1374,2,2
226,1375,2,2
226,1376,2,2
226,1377,2,2
226,1378,2,2
226,1379,2,2
226,1380,2,2
226,1381,2,2
34,226,3,2
258,639,1,10
258,1382,1,1
258,1383,1,1
258,1384,1,1
258,1385,1,1
258,1386,1,1
258,1387,1,1
258,1388,1,1
258,1389,1,1
258,1390,1,1
258,1391,1,1
258,1392,1,1
258,1393,1,1
258,1394,1,1
258,1395,1,1
258,1396,1,1
258,1397,1,1
258,1398,1,1
301,370,12,12
301,1399,12,12
301,1400,12,12
301,1401,12,12
301,1402,12,12
301,1403,12,12
301,1404,12,12
301,1405,12,12
301,1406,12,12
301,1407,12,12
301,1408,12,12
301,1409,12,12
301,1410,12,12
301,1411,12,12
301,1412,12,12
301,1413,12,12
301,1414,12,12
301,1415,12,12
304,370,12,12
304,1416,12,12
304,1417,12,12
304,1418,12,12
304,1419,12,12
304,1420,12,12
304,1421,12,12
304,1422,12,12
304,1423,12,12
304,1424,12,12
304,1425,12,12
304,1426,12,12
304,1427,12,12
304,1428,12,12
304,1429,12,12
304,1430,12,12
304,1431,12,12
304,1432,12,12
306,639,1,10
306,1433,1,1
306,1434,1,1
306,1435,1,1
306,1436,1,1
306,1437,1,1
306,1438,1,1
306,1439,1,1
306,1440,1,1
306,1441,1,1
306,1442,1,1
306,1443,1,1
306,1444,1,1
306,1445,1,1
306,1446,1,1
306,1447,1,1
306,1448,1,1
306,1449,1,1
310,474,3,9
310,1450,3,3
310,1451,3,3
310,1452,3,3
310,1453,3,3
310,1454,3,3
310,1455,3,3
310,1456,3,3
310,1457,3,3
310,1458,3,3
310,1459,3,3
310,1460,3,3
310,1461,3,3
310,1462,3,3
310,1463,3,3
310,1464,3,3
310,1465,3,3
34,310,3,3
321,474,9,9
321,1466,9,9
321,1467,9,9
321,1468,9,9
321,1469,9,9
321,1470,9,9
321,1471,9,9
321,1472,9,9
321,1473,9,9
321,1474,9,9
321,1475,9,9
321,1476,9,9
321,1477,9,9
321,1478,9,13
321,1479,9,13
321,1480,9,9
321,1481,9,9
321,1482,9,9
339,370,1,12
339,1483,1,1
339,1484,1,1
339,1485,1,1
339,1486,1,1
339,1487,1,1
339,1488,1,1
339,1489,1,1
339,1490,1,1
339,1491,1,1
339,1492,1,1
339,1493,1,1
339,1494,1,1
339,1495,1,1
339,1496,1,1
339,1497,1,1
339,1498,1,1
34,339,3,1
345,639,16,10
345,1499,16,16
345,1500,16,16
345,1501,16,16
345,1502,16,16
345,1503,16,16
345,1504,16,16
345,1505,16,16
345,1506,16,16
345,1507,16,16
345,1508,16,16
345,1509,16,16
345,1510,16,16
345,1511,16,16
345,1512,16,16
345,1513,16,16
345,1514,16,16
345,1515,16,16
364,370,12,12
364,1516,12,12
364,1517,12,12
364,1518,12,12
364,1519,12,12
364,1520,12,12
364,1521,12,12
364,1522,12,12
364,1523,12,12
364,1524,12,12
364,1525,12,12
364,1526,12,12
364,1527,12,12
364,1528,12,12
364,1529,12,12
364,1530,12,12
364,1531,12,12
364,1532,12,12
389,639,1,10
389,1533,1,1
389,1534,1,1
389,1535,1,1
389,1536,1,1
389,1537,1,1
389,1538,1,1
389,1539,1,1
389,1540,1,1
389,1541,1,20
389,1542,1,20
389,1543,1,1
389,1544,1,1
389,1545,1,1
389,1546,1,1
389,1547,1,1
389,1548,1,1
389,1549,1,1
370,398,12,12
398,1550,12,12
398,1551,12,12
398,1552,12,12
398,1553,12,12
398,1554,12,12
398,1555,12,12
398,1556,12,12
398,1557,12,12
398,1558,12,12
398,1559,12,12
398,1560,12,12
398,1561,12,12
398,1562,12,12
398,1563,12,12
398,1564,12,12
398,1565,12,12
398,1566,12,12
400,1567,5,5
400,1568,5,5
400,1569,5,5
400,1570,5,5
400,517,5,5
400,1571,5,5
400,1572,5,5
413,1573,5,5
413,1574,5,5
413,1575,5,5
413,1576,5,5
413,1577,5,5
413,1578,5,5
417,1579,5,5
417,1580,5,5
417,1581,5,5
417,1572,5,5
420,1582,5,5
420,1583,5,5
420,1584,5,5
420,1585,5,5
420,1586,5,5
420,1578,5,5
427,1587,5,5
427,1588,5,5
427,1589,5,5
427,1590,5,5
427,1591,5,5
427,1592,5,5
427,1593,5,5
427,1578,5,5
429,1594,5,5
429,1595,5,5
429,1596,5,5
429,1572,5,5
432,1587,5,5
432,1597,5,5
432,1598,5,5
432,1599,5,5
432,1600,5,5
432,1578,5,5
434,1573,5,5
434,1601,5,5
434,1602,5,5
434,1603,5,5
434,1604,5,5
434,534,5,5
434,1578,5,5
441,1605,5,5
441,1606,5,5
441,1607,5,5
441,1608,5,5
441,1609,5,5
441,1578,5,5
447,1610,5,5
447,542,5,5
447,1572,5,5
449,1587,5,5
449,1611,5,5
449,1612,5,5
449,1613,5,5
449,1614,5,5
449,1615,5,5
449,1616,5,5
449,1578,5,5
454,1573,5,5
454,1617,5,5
454,1618,5,5
454,1619,5,5
454,1620,5,5
454,1578,5,5
460,1594,5,5
460,1621,5,5
460,547,5,5
460,1622,5,5
460,1572,5,5
465,1573,5,5
465,1623,5,5
465,1624,5,5
465,1625,5,5
465,1626,5,5
465,1578,5,5
492,560,5,5
150,492,5,5
151,492,5,5
152,492,5,5
493,494,5,5
150,493,5,5
151,493,5,5
152,493,5,5
494,1605,5,5
494,1627,5,5
494,1628,5,5
494,1629,5,5
494,1630,5,5
494,1578,5,5
496,562,5,5
150,496,5,5
151,496,5,5
152,496,5,5
499,1631,5,5
499,1632,5,5
499,1633,5,5
499,561,5,5
499,1572,5,5
501,502,5,5
150,501,5,5
151,501,5,5
152,501,5,5
502,1605,5,5
502,1634,5,5
502,1635,5,5
502,1636,5,5
502,1637,5,5
502,1578,5,5
504,1638,5,5
504,1639,5,5
150,504,5,5
151,504,5,5
152,504,5,5
506,507,5,5
150,506,5,5
151,506,5,5
152,506,5,5
507,1573,5,5
507,1640,5,5
507,1641,5,5
507,1642,5,5
507,1643,5,5
507,1578,5,5
509,1644,5,5
509,510,5,5
150,509,5,5
151,509,5,5
152,509,5,5
510,1579,5,5
510,1645,5,5
510,1646,5,5
510,1644,5,5
510,1572,5,5
512,1647,5,5
512,1648,5,5
150,512,5,5
151,512,5,5
152,512,5,5
514,1649,5,5
514,1650,5,5
150,514,5,5
151,514,5,5
152,514,5,5
515,571,5,5
150,515,5,5
151,515,5,5
152,515,5,5
149,517,5,5
150,517,5,5
151,517,5,5
152,517,5,5
518,1651,5,5
518,1652,5,5
518,1653,5,5
518,1572,5,5
519,520,5,5
149,519,5,5
150,519,5,5
151,519,5,5
152,519,5,5
520,1573,5,5
520,1654,5,5
520,1655,5,5
520,1656,5,5
520,1657,5,5
520,1578,5,5
521,522,5,5
149,521,5,5
150,521,5,5
151,521,5,5
152,521,5,5
522,1594,5,5
522,1658,5,5
522,1659,5,5
522,1572,5,5
523,1660,5,5
523,1661,5,5
523,1662,5,5
523,1663,5,5
523,1664,5,5
523,1578,5,5
524,525,5,5
149,524,5,5
150,524,5,5
151,524,5,5
152,524,5,5
526,1651,5,5
526,1665,5,5
526,1666,5,5
526,1572,5,5
527,528,5,5
149,527,5,5
150,527,5,5
151,527,5,5
152,527,5,5
528,1573,5,5
528,1667,5,5
528,1668,5,5
528,1669,5,5
528,1670,5,5
528,1578,5,5
529,530,5,5
149,529,5,5
150,529,5,5
151,529,5,5
152,529,5,5
530,1610,5,5
530,1671,5,5
530,1672,5,5
530,1572,5,5
531,532,5,5
149,531,5,5
150,531,5,5
151,531,5,5
152,531,5,5
532,1673,5,5
532,1674,5,5
532,1675,5,5
532,1676,5,5
532,1677,5,5
532,1572,5,5
533,1573,5,5
533,1678,5,5
533,1679,5,5
533,1680,5,5
533,1681,5,5
533,1578,5,5
149,534,5,5
150,534,5,5
151,534,5,5
152,534,5,5
437,535,5,5
149,535,5,5
150,535,5,5
151,535,5,5
152,535,5,5
536,1582,5,5
536,1682,5,5
536,1683,5,5
536,1684,5,5
536,1685,5,5
536,1578,5,5
539,540,5,5
149,539,5,5
150,539,5,5
151,539,5,5
152,539,5,5
540,1660,5,5
540,1686,5,5
540,1687,5,5
540,1688,5,5
540,1689,5,5
540,1578,5,5
541,1690,5,5
541,1691,5,5
541,1692,5,5
541,1572,5,5
149,542,5,5
150,542,5,5
151,542,5,5
152,542,5,5
544,545,5,5
149,544,5,5
150,544,5,5
151,544,5,5
152,544,5,5
545,1567,5,5
545,1693,5,5
545,1694,5,5
545,1695,5,5
545,1696,5,5
545,1572,5,5
546,1690,5,5
546,1697,5,5
546,1698,5,5
546,1572,5,5
149,547,5,5
150,547,5,5
151,547,5,5
152,547,5,5
548,549,5,5
149,548,5,5
150,548,5,5
151,548,5,5
152,548,5,5
549,1573,5,5
549,1699,5,5
549,1700,5,5
549,1701,5,5
549,1702,5,5
549,1578,5,5
550,551,5,5
149,550,5,5
150,550,5,5
151,550,5,5
152,550,5,5
551,1660,5,5
551,1703,5,5
551,1704,5,5
551,1705,5,5
551,1706,5,5
551,1578,5,5
552,553,5,5
149,552,5,5
150,552,5,5
151,552,5,5
152,552,5,5
553,1651,5,5
553,1707,5,5
553,1708,5,5
553,1572,5,5
554,555,5,5
149,554,5,5
150,554,5,5
151,554,5,5
152,554,5,5
555,1582,5,5
555,1709,5,5
555,1710,5,5
555,1711,5,5
555,1712,5,5
555,1578,5,5
556,557,5,5
149,556,5,5
150,556,5,5
151,556,5,5
152,556,5,5
557,1579,5,5
557,1713,5,5
557,1714,5,5
557,1572,5,5
558,1587,5,5
558,1715,5,5
558,1716,5,5
558,1717,5,5
558,1718,5,5
558,1719,5,5
558,1720,5,5
558,1578,5,5
560,1721,5,5
560,1722,5,5
560,1723,5,5
560,1572,5,5
149,561,5,5
150,561,5,5
151,561,5,5
152,561,5,5
562,1573,5,5
562,1724,5,5
562,1725,5,5
562,1726,5,5
562,1727,5,5
562,1578,5,5
563,564,5,5
149,563,5,5
150,563,5,5
151,563,5,5
152,563,5,5
564,1631,5,5
564,1728,5,5
564,1729,5,5
564,1572,5,5
565,566,5,5
149,565,5,5
150,565,5,5
151,565,5,5
152,565,5,5
566,1587,5,5
566,1730,5,5
566,1731,5,5
566,1732,5,5
566,1733,5,5
566,1734,5,5
566,1735,5,5
566,1578,5,5
567,568,5,5
149,567,5,5
150,567,5,5
151,567,5,5
152,567,5,5
568,1573,5,5
568,1736,5,5
568,1737,5,5
568,1738,5,5
568,1739,5,5
568,1578,5,5
569,570,5,5
149,569,5,5
150,569,5,5
151,569,5,5
152,569,5,5
570,1573,5,5
570,1740,5,5
570,1741,5,5
570,1742,5,5
570,1743,5,5
570,1578,5,5
571,1582,5,5
571,1744,5,5
571,1745,5,5
571,1746,5,5
571,1747,5,5
571,1578,5,5
122,1748,1,1
122,1749,1,1
122,1750,1,1
122,1751,1,1
122,1752,1,1
122,1753,1,1
122,1754,1,1
122,1755,1,1
122,1756,1,1
34,122,3,1
251,1757,1,1
251,1758,1,1
251,1759,1,1
251,1760,1,1
251,1761,1,1
251,1762,1,1
34,251,3,1
256,1763,1,19
34,256,3,1
258,1764,1,1
258,1765,1,1
258,1766,1,1
258,1767,1,1
258,1768,1,1
34,258,3,1
282,1769,1,19
34,282,3,1
297,1770,14,14
297,1771,14,14
297,1772,14,14
297,1773,14,14
306,1774,1,1
306,1775,1,1
306,1776,1,1
306,1777,1,1
306,1778,1,1
34,306,3,1
316,1779,1,2
316,1780,1,1
316,1781,1,1
34,316,3,1
321,1782,9,9
321,1783,9,9
321,1784,9,9
321,1785,9,9
321,1786,9,9
34,321,3,9
345,1787,16,16
345,1788,16,16
345,1789,16,16
345,1790,16,16
345,1791,16,16
345,1792,16,16
345,1793,16,16
345,1794,16,16
345,1795,16,16
34,345,3,16
366,1796,1,1
366,1797,1,1
366,1798,1,1
366,1799,1,1
366,1800,1,1
366,1801,1,1
366,1802,1,1
34,366,3,1
389,1803,1,1
389,1804,1,1
389,1805,1,1
389,1806,1,1
389,1807,1,1
34,389,3,1
1022,1023,0,0
35,1022,1,0
1024,1025,0,0
35,1025,1,0
1026,1027,0,0
35,1027,1,0
5,1027,0,0
1027,1808,0,0
7,1027,0,0
1028,1029,0,0
35,1028,1,0
1030,1031,0,0
35,1031,1,0
1032,1033,0,0
35,1033,1,0
1035,1036,1,1
35,1035,1,1
35,1036,1,1
1037,1038,1,1
35,1037,1,1
35,1038,1,1
1039,1040,1,1
35,1039,1,1
35,1040,1,1
1041,1042,1,1
35,1041,1,1
1041,1809,1,1
1041,1810,1,1
1041,1811,1,1
35,1042,1,1
1042,1809,1,1
1042,1810,1,1
1042,1811,1,1
1043,1044,1,1
35,1043,1,1
35,1044,1,1
1045,1048,1,1
35,1045,1,1
1046,1047,1,1
35,1046,1,1
35,1047,1,1
35,1048,1,1
1049,1050,1,1
35,1049,1,1
35,1050,1,1
1051,1748,1,1
35,1051,1,1
1086,1087,1,1
35,1086,1,1
35,1087,1,1
1088,1812,1,1
35,1088,1,1
1089,1090,1,1
35,1089,1,1
35,1090,1,1
1091,1092,1,1
35,1091,1,1
35,1092,1,1
1093,1094,1,1
35,1093,1,1
35,1094,1,1
1095,1096,1,1
35,1095,1,1
35,1096,1,1
1097,1098,1,1
35,1097,1,1
35,1098,1,1
1099,1100,1,1
1099,1813,1,1
1100,1813,1,1
1101,1102,1,1
35,1101,1,1
35,1102,1,1
1103,1104,1,1
35,1103,1,1
35,1104,1,1
1105,1106,1,1
35,1105,1,1
35,1106,1,1
1107,1108,1,1
35,1107,1,1
35,1108,1,1
1109,1110,1,1
35,1109,1,1
35,1110,1,1
1111,1112,1,1
35,1111,1,1
35,1112,1,1
1113,1114,1,1
35,1113,1,1
35,1114,1,1
1115,1116,1,1
35,1115,1,1
35,1116,1,1
1117,1118,1,1
35,1117,1,1
35,1118,1,1
1119,1763,19,19
35,1119,1,19
749,1119,19,19
750,1119,19,19
751,1119,19,19
1153,1154,1,1
35,1153,1,1
35,1154,1,1
1155,1157,1,1
35,1155,1,1
1156,1158,1,1
35,1156,1,1
35,1157,1,1
35,1158,1,1
1159,1160,1,1
35,1159,1,1
35,1160,1,1
1161,1162,1,1
35,1161,1,1
35,1162,1,1
1163,1164,1,1
35,1163,1,1
35,1164,1,1
1165,1166,1,1
35,1165,1,1
35,1166,1,1
1167,1168,1,1
35,1167,1,1
35,1168,1,1
1169,1769,19,19
35,1169,1,19
749,1169,19,19
750,1169,19,19
751,1169,19,19
1221,1222,1,1
35,1221,1,1
35,1222,1,1
1223,1224,1,1
35,1223,1,1
35,1224,1,1
1225,1226,1,1
35,1225,1,1
35,1226,1,1
1227,1228,1,1
35,1227,1,1
35,1228,1,1
1229,1230,1,1
35,1229,1,1
35,1230,1,1
1231,1232,1,1
35,1231,1,1
35,1232,1,1
1233,1234,1,1
35,1233,1,1
35,1234,1,1
1235,1236,1,1
35,1235,1,1
35,1236,1,1
1237,1238,3,3
35,1238,1,3
1239,1240,3,3
35,1240,1,3
1245,1246,3,3
35,1245,1,3
35,1246,1,3
1249,1250,3,3
35,1250,1,3
1251,1252,3,3
35,1251,1,3
1253,1254,12,12
1253,1814,12,12
1254,1814,12,12
1255,1256,12,12
35,1255,1,12
35,1256,1,12
1257,1258,12,12
35,1258,1,12
1259,1260,12,12
35,1259,1,12
35,1260,1,12
1261,1262,12,12
35,1261,1,12
1263,1264,12,12
35,1263,1,12
35,1264,1,12
1265,1266,12,12
35,1266,1,12
1267,1268,19,19
35,1267,1,19
749,1267,19,19
750,1267,19,19
751,1267,19,19
35,1268,1,19
749,1268,19,19
750,1268,19,19
751,1268,19,19
1269,1270,1,1
35,1269,1,1
35,1270,1,1
1271,1272,1,1
35,1271,1,1
35,1272,1,1
1273,1274,1,1
1273,1815,1,1
1274,1815,1,1
1275,1276,1,1
35,1275,1,1
35,1276,1,1
1277,1278,1,1
35,1277,1,1
35,1278,1,1
1279,1280,1,1
35,1279,1,1
1279,1816,1,1
1279,1817,1,1
1279,1818,1,1
35,1280,1,1
1280,1816,1,1
1280,1817,1,1
1280,1818,1,1
1281,1282,1,1
35,1281,1,1
35,1282,1,1
1283,1779,2,2
35,1283,1,2
38,1283,2,2
39,1283,2,2
40,1283,2,2
41,1283,2,2
1315,1316,15,15
35,1316,1,15
1317,1318,15,15
35,1317,1,15
1319,1320,15,15
35,1319,1,15
1321,1322,15,15
1321,1819,15,15
1323,1324,15,15
35,1324,1,15
1325,1326,15,15
35,1326,1,15
1327,1328,15,15
35,1327,1,15
1329,1330,15,15
35,1329,1,15
1331,1820,19,19
35,1331,1,19
749,1331,19,19
750,1331,19,19
751,1331,19,19
1332,1333,1,1
35,1332,1,1
35,1333,1,1
1334,1335,1,1
35,1334,1,1
35,1335,1,1
1336,1337,1,1
35,1336,1,1
35,1337,1,1
1338,1339,1,1
35,1338,1,1
35,1339,1,1
1340,1341,1,1
35,1340,1,1
35,1341,1,1
1342,1343,1,1
35,1342,1,1
35,1343,1,1
1344,1345,1,1
35,1344,1,1
35,1345,1,1
1346,1347,1,1
35,1346,1,1
35,1347,1,1
1348,1796,1,1
35,1348,1,1
1382,1383,1,1
35,1382,1,1
35,1383,1,1
1384,1385,1,1
35,1384,1,1
35,1385,1,1
1386,1387,1,1
35,1386,1,1
35,1387,1,1
1388,1389,1,1
35,1388,1,1
35,1389,1,1
1390,1391,1,1
35,1390,1,1
1392,1393,1,1
35,1392,1,1
35,1393,1,1
1394,1395,1,1
35,1394,1,1
35,1395,1,1
1396,1397,1,1
35,1396,1,1
35,1397,1,1
1398,1764,1,1
35,1398,1,1
1433,1434,1,1
35,1433,1,1
35,1434,1,1
1435,1436,1,1
35,1435,1,1
35,1436,1,1
1437,1438,1,1
35,1437,1,1
35,1438,1,1
1439,1440,1,1
35,1439,1,1
35,1440,1,1
1441,1442,1,1
35,1441,1,1
1443,1444,1,1
35,1443,1,1
35,1444,1,1
1445,1446,1,1
35,1445,1,1
35,1446,1,1
1447,1449,1,1
35,1447,1,1
1448,1774,1,1
35,1448,1,1
35,1449,1,1
1466,1467,9,9
35,1466,1,9
35,1467,1,9
1468,1469,9,9
35,1468,1,9
35,1469,1,9
1470,1471,9,9
35,1470,1,9
35,1471,1,9
1472,1473,9,9
35,1472,1,9
35,1473,1,9
1474,1475,9,9
35,1474,1,9
35,1475,1,9
1476,1477,9,9
35,1476,1,9
35,1477,1,9
1478,1479,13,13
35,1478,1,13
1478,1821,13,13
1478,1822,13,13
1478,1823,13,13
1478,1824,13,13
35,1479,1,13
1479,1821,13,13
1479,1822,13,13
1479,1823,13,13
1479,1824,13,13
1480,1481,9,9
35,1480,1,9
35,1481,1,9
1482,1782,9,9
35,1482,1,9
1483,1484,1,1
35,1483,1,1
35,1484,1,1
1485,1486,1,1
35,1485,1,1
35,1486,1,1
1487,1488,1,1
35,1487,1,1
35,1488,1,1
1489,1490,1,1
35,1489,1,1
35,1490,1,1
1491,1492,1,1
35,1491,1,1
35,1492,1,1
1493,1494,1,1
35,1493,1,1
35,1494,1,1
1495,1496,1,1
35,1495,1,1
35,1496,1,1
1497,1498,1,1
35,1497,1,1
35,1498,1,1
1499,1500,16,16
35,1499,1,16
35,1500,1,16
1501,1502,16,16
35,1501,1,16
35,1502,1,16
1503,1504,16,16
35,1503,1,16
35,1504,1,16
1505,1506,16,16
35,1505,1,16
35,1506,1,16
1507,1508,16,16
35,1507,1,16
35,1508,1,16
1509,1510,16,16
35,1509,1,16
35,1510,1,16
1511,1512,16,16
35,1511,1,16
35,1512,1,16
1513,1515,16,16
35,1513,1,16
1514,1787,16,16
35,1514,1,16
35,1515,1,16
1533,1534,1,1
35,1533,1,1
35,1534,1,1
1535,1536,1,1
35,1535,1,1
35,1536,1,1
1537,1538,1,1
35,1537,1,1
35,1538,1,1
1539,1540,1,1
35,1539,1,1
35,1540,1,1
1541,1542,20,20
1541,1825,20,20
1541,1826,20,20
1541,1827,20,20
35,1542,1,20
1542,1825,20,20
1542,1826,20,20
1542,1827,20,20
1543,1544,1,1
35,1543,1,1
35,1544,1,1
1545,1546,1,1
35,1545,1,1
35,1546,1,1
1547,1548,1,1
35,1547,1,1
35,1548,1,1
1549,1803,1,1
35,1549,1,1
120,1023,0,0
348,1315,15,15
1825,1828,20,20
1825,1829,20,20
1825,1831,20,20
1825,1832,20,20
1825,1834,20,20
1825,1835,20,20
1825,1836,20,20
1825,1837,20,20
1825,1838,20,20
1825,1839,20,20
1825,1841,20,20
1825,1842,20,20
1825,1843,20,20
1825,1844,20,20
1825,1845,20,20
1825,1846,20,20
1825,1847,20,20
1825,1848,20,20
1825,1850,20,20
1825,1851,20,20
1829,1830,20,20
1832,1833,20,20
1839,1840,20,20
1848,1849,20,20
1825,1852,20,20
1825,1853,20,20
1825,1854,20,20
1825,1855,20,20
1825,1856,20,20
1825,1857,20,20
1825,1858,20,20
1825,1860,20,20
1825,1861,20,20
1825,1862,20,20
1825,1863,20,20
1825,1864,20,20
1825,1865,20,20
1825,1866,20,20
1825,1868,20,20
1825,1869,20,20
1825,1871,20,20
1825,1872,20,20
1825,1874,20,20
1825,1875,20,20
1858,1859,20,20
1866,1867,20,20
1869,1870,20,20
1872,1873,20,20
1825,1876,20,20
1825,1877,20,20
1825,1878,20,20
1825,1879,20,20
1825,1880,20,20
1825,1881,20,20
1825,1882,20,20
1825,1884,20,20
1825,1885,20,20
1825,1886,20,20
1825,1888,20,20
1825,1889,20,20
1825,1890,20,20
1825,1891,20,20
1825,1892,20,20
1825,1893,20,20
1825,1894,20,20
1825,1895,20,20
1825,1896,20,20
1825,1897,20,20
1882,1883,20,20
1886,1887,20,20
1825,1898,20,20
1825,1899,20,20
1825,1900,20,20
1825,1901,20,20
1825,1902,20,20
1825,1903,20,20
1825,1904,20,20
1825,1905,20,20
1825,1906,20,20
1825,1908,20,20
1825,1909,20,20
1825,1910,20,20
1825,1912,20,20
1825,1914,20,20
1825,1915,20,20
1825,1916,20,20
1825,1918,20,20
1825,1919,20,20
1825,1920,20,20
1825,1921,20,20
1828,1922,20,20
1828,1923,20,20
1826,1828,20,20
1827,1828,20,20
1829,1831,20,20
1829,1830,20,20
1829,1924,20,20
1829,1925,20,20
1827,1829,20,20
1830,1831,20,20
1831,1924,20,20
1831,1925,20,20
1827,1831,20,20
1832,1834,20,20
1832,1833,20,20
1832,1926,20,20
1832,1927,20,20
1832,1928,20,20
1833,1834,20,20
1834,1926,20,20
1834,1927,20,20
1834,1928,20,20
1835,1836,20,20
1835,1929,20,20
1835,1927,20,20
1835,1930,20,20
1836,1929,20,20
1836,1927,20,20
1836,1930,20,20
1837,1838,20,20
1837,1931,20,20
1826,1837,20,20
1827,1837,20,20
1838,1931,20,20
1826,1838,20,20
1827,1838,20,20
1839,1841,20,20
1839,1840,20,20
1826,1839,20,20
1827,1839,20,20
1840,1841,20,20
1826,1841,20,20
1827,1841,20,20
1842,1932,20,20
1842,1933,20,20
1842,1927,20,20
1842,1930,20,20
1843,1844,20,20
1843,1934,20,20
1843,1935,20,20
1827,1843,20,20
1844,1934,20,20
1844,1935,20,20
1827,1844,20,20
1845,1846,20,20
1845,1936,20,20
1845,1937,20,20
1845,1938,20,20
1845,1939,20,20
1845,1940,20,20
1846,1936,20,20
1846,1937,20,20
1846,1938,20,20
1846,1939,20,20
1846,1940,20,20
1847,1848,20,20
1847,1849,20,20
1847,1939,20,20
1847,1940,20,20
1848,1849,20,20
1848,1939,20,20
1848,1940,20,20
1850,1941,20,20
1850,1942,20,20
1826,1850,20,20
1850,1943,20,20
1851,1944,20,20
1851,1945,20,20
1851,1927,20,20
1851,1930,20,20
1852,1856,20,20
1852,1946,20,20
1852,1947,20,20
1852,1948,20,20
1852,1949,20,20
1826,1852,20,20
1852,1950,20,20
1852,1943,20,20
1853,1857,20,20
1853,1951,20,20
1853,1952,20,20
1853,1927,20,20
1853,1930,20,20
1854,1953,20,20
1854,1954,20,20
1854,1955,20,20
1826,1854,20,20
1827,1854,20,20
1855,1956,20,20
1855,1957,20,20
1855,1958,20,20
1855,1948,20,20
1855,1949,20,20
1826,1855,20,20
1855,1950,20,20
1855,1943,20,20
1856,1946,20,20
1856,1947,20,20
1856,1948,20,20
1856,1949,20,20
1826,1856,20,20
1856,1950,20,20
1856,1943,20,20
1857,1951,20,20
1857,1927,20,20
1857,1930,20,20
1858,1959,20,20
1858,1859,20,20
1826,1858,20,20
1827,1858,20,20
1860,1861,20,20
1860,1960,20,20
1860,1927,20,20
1860,1930,20,20
1861,1960,20,20
1861,1927,20,20
1861,1930,20,20
1862,1863,20,20
1862,1961,20,20
1826,1862,20,20
1862,1962,20,20
1863,1961,20,20
1826,1863,20,20
1863,1962,20,20
1864,1963,20,20
1864,1964,20,20
1864,1955,20,20
1864,1925,20,20
1864,1943,20,20
1865,1866,20,20
1865,1867,20,20
1826,1865,20,20
1827,1865,20,20
1866,1867,20,20
1826,1866,20,20
1827,1866,20,20
1868,1869,20,20
1868,1870,20,20
1826,1868,20,20
1827,1868,20,20
1869,1870,20,20
1826,1869,20,20
1827,1869,20,20
1871,1872,20,20
1871,1873,20,20
1826,1871,20,20
1827,1871,20,20
1872,1873,20,20
1826,1872,20,20
1827,1872,20,20
1874,1875,20,20
1874,1965,20,20
1874,1939,20,20
1874,1940,20,20
1875,1965,20,20
1875,1939,20,20
1875,1940,20,20
1876,1877,20,20
1876,1966,20,20
1876,1935,20,20
1827,1876,20,20
1877,1966,20,20
1877,1935,20,20
1827,1877,20,20
1878,1879,20,20
1878,1967,20,20
1826,1878,20,20
1878,1962,20,20
1879,1967,20,20
1826,1879,20,20
1879,1962,20,20
1880,1881,20,20
1880,1968,20,20
1880,1969,20,20
1880,1927,20,20
1880,1930,20,20
1881,1968,20,20
1881,1969,20,20
1881,1927,20,20
1881,1930,20,20
1882,1884,20,20
1882,1883,20,20
1882,1927,20,20
1882,1930,20,20
1883,1884,20,20
1884,1927,20,20
1884,1930,20,20
1885,1886,20,20
1885,1887,20,20
1885,1927,20,20
1885,1930,20,20
1886,1887,20,20
1886,1927,20,20
1886,1930,20,20
1888,1889,20,20
1888,1970,20,20
1888,1939,20,20
1888,1940,20,20
1889,1970,20,20
1889,1939,20,20
1889,1940,20,20
1890,1891,20,20
1890,1971,20,20
1890,1972,20,20
1890,1973,20,20
1827,1890,20,20
1891,1971,20,20
1891,1973,20,20
1827,1891,20,20
1892,1895,20,20
1892,1974,20,20
1892,1973,20,20
1827,1892,20,20
1893,1894,20,20
1893,1975,20,20
1893,1935,20,20
1827,1893,20,20
1894,1975,20,20
1894,1935,20,20
1827,1894,20,20
1895,1974,20,20
1895,1973,20,20
1827,1895,20,20
1896,1897,20,20
1896,1976,20,20
1896,1927,20,20
1896,1930,20,20
1897,1976,20,20
1897,1927,20,20
1897,1930,20,20
1859,1903,20,20
1906,1907,20,20
1910,1911,20,20
1912,1913,20,20
1916,1917,20,20
1936,1937,20,20
1936,1938,20,20
1821,1977,13,13
1821,1979,13,13
1821,1980,13,13
1821,1981,13,13
1821,1982,13,13
1821,1983,13,13
1821,1984,13,13
1821,1985,13,13
1821,1986,13,13
1821,1987,13,13
1821,1988,13,13
1821,1990,13,13
1821,1991,13,13
1821,1992,13,13
1821,1994,13,13
1821,1995,13,13
1821,1996,13,13
1821,1998,13,13
1821,1999,13,13
1821,2000,13,13
1977,1978,13,13
1988,1989,13,13
1992,1993,13,13
1996,1997,13,13
1821,2001,13,13
1821,2003,13,13
1821,2004,13,13
1821,2005,13,13
1821,2006,13,13
1821,2007,13,13
1821,2009,13,13
1821,2010,13,13
1821,2011,13,13
1821,2012,13,13
1821,2014,13,13
1821,2015,13,13
1821,2016,13,13
1821,2018,13,13
1821,2020,13,13
1821,2021,13,13
1821,2023,13,13
1821,2024,13,13
2001,2002,13,13
2007,2008,13,13
2012,2013,13,13
2016,2017,13,13
2018,2019,13,13
2021,2022,13,13
593,2024,13,13
1821,2025,13,13
1821,2026,13,13
1821,2027,13,13
1821,2028,13,13
1821,2029,13,13
1821,2030,13,13
1821,2031,13,13
1821,2032,13,13
1821,2033,13,13
1821,2034,13,13
1821,2035,13,13
1821,2036,13,13
1821,2037,13,13
1821,2038,13,13
1821,2039,13,13
1821,2040,13,13
1821,2041,13,13
1821,2042,13,13
1821,2043,13,13
1821,2044,13,13
1821,2045,13,13
1821,2046,13,13
1821,2047,13,13
1821,2048,13,13
1821,2049,13,13
1821,2050,13,13
1821,2051,13,13
1821,2052,13,13
1821,2053,13,13
1821,2054,13,13
1821,2055,13,13
1821,2056,13,13
1821,2057,13,13
1821,2058,13,13
1821,2059,13,13
1821,2060,13,13
1821,2061,13,13
1821,2062,13,13
1821,2063,13,13
1821,2064,13,13
1821,2065,13,13
1821,2066,13,13
1821,2067,13,13
1821,2068,13,13
1821,2069,13,13
1821,2071,13,13
1821,2072,13,13
1821,2074,13,13
1821,2075,13,13
1821,2076,13,13
1821,2077,13,13
1821,2078,13,13
1821,2079,13,13
1821,2080,13,13
1821,2081,13,13
1821,2082,13,13
1821,2084,13,13
1821,2085,13,13
1821,2087,13,13
1821,2088,13,13
1977,1979,13,13
1977,1978,13,13
1822,1977,13,13
1823,1977,13,13
1824,1977,13,13
1978,1979,13,13
1822,1979,13,13
1823,1979,13,13
1824,1979,13,13
1980,1981,13,13
1980,2089,13,13
1822,1980,13,13
1823,1980,13,13
1824,1980,13,13
1981,2089,13,13
1822,1981,13,13
1823,1981,13,13
1824,1981,13,13
1982,1983,13,13
1982,2090,13,13
1822,1982,13,13
1823,1982,13,13
1824,1982,13,13
1983,2090,13,13
1822,1983,13,13
1823,1983,13,13
1824,1983,13,13
1984,1985,13,13
1984,2091,13,13
1822,1984,13,13
1823,1984,13,13
1824,1984,13,13
1985,2091,13,13
1822,1985,13,13
1823,1985,13,13
1824,1985,13,13
1986,2092,13,13
1986,2093,13,13
1822,1986,13,13
1823,1986,13,13
1824,1986,13,13
1987,2094,13,13
1987,2095,13,13
1822,1987,13,13
1823,1987,13,13
1824,1987,13,13
1988,1990,13,13
1988,1989,13,13
1822,1988,13,13
1823,1988,13,13
1824,1988,13,13
1989,1990,13,13
1822,1990,13,13
1823,1990,13,13
1824,1990,13,13
1991,2096,13,13
1991,2097,13,13
1822,1991,13,13
1823,1991,13,13
1824,1991,13,13
1992,1994,13,13
1992,1993,13,13
1992,2098,13,13
1822,1992,13,13
1823,1992,13,13
1824,1992,13,13
1993,1994,13,13
1994,2098,13,13
1822,1994,13,13
1823,1994,13,13
1824,1994,13,13
1995,2099,13,13
1995,2100,13,13
1995,2098,13,13
1822,1995,13,13
1823,1995,13,13
1824,1995,13,13
1996,1998,13,13
1996,1997,13,13
1996,2098,13,13
1822,1996,13,13
1823,1996,13,13
1824,1996,13,13
1997,1998,13,13
1998,2098,13,13
1822,1998,13,13
1823,1998,13,13
1824,1998,13,13
1999,2000,13,13
1999,2101,13,13
1999,2098,13,13
1822,1999,13,13
1823,1999,13,13
1824,1999,13,13
2000,2101,13,13
2000,2098,13,13
1822,2000,13,13
1823,2000,13,13
1824,2000,13,13
2001,2102,13,13
2001,2002,13,13
2001,2098,13,13
1822,2001,13,13
1823,2001,13,13
1824,2001,13,13
2003,2103,13,13
2003,2104,13,13
2003,2098,13,13
1822,2003,13,13
1823,2003,13,13
1824,2003,13,13
2004,2105,13,13
2004,2106,13,13
2004,2098,13,13
1822,2004,13,13
1823,2004,13,13
1824,2004,13,13
2005,2107,13,13
2005,2108,13,13
2005,2098,13,13
1822,2005,13,13
1823,2005,13,13
1824,2005,13,13
2006,2109,13,13
2006,2110,13,13
2006,2111,13,13
1822,2006,13,13
1823,2006,13,13
1824,2006,13,13
2007,2009,13,13
2007,2008,13,13
1822,2007,13,13
1823,2007,13,13
1824,2007,13,13
2008,2009,13,13
1822,2009,13,13
1823,2009,13,13
1824,2009,13,13
2010,2011,13,13
2010,2112,13,13
2010,2113,13,13
1822,2010,13,13
1823,2010,13,13
1824,2010,13,13
2011,2112,13,13
2011,2113,13,13
1822,2011,13,13
1823,2011,13,13
1824,2011,13,13
2012,2014,13,13
2012,2013,13,13
35,2012,1,13
1822,2012,13,13
1823,2012,13,13
1824,2012,13,13
2013,2014,13,13
35,2014,1,13
1822,2014,13,13
1823,2014,13,13
1824,2014,13,13
2015,2016,13,13
2015,2017,13,13
1822,2015,13,13
1823,2015,13,13
1824,2015,13,13
2016,2017,13,13
1822,2016,13,13
1823,2016,13,13
1824,2016,13,13
2018,2023,13,13
2018,2019,13,13
1822,2018,13,13
1823,2018,13,13
1824,2018,13,13
2020,2024,13,13
593,2020,13,13
35,2020,1,13
1822,2020,13,13
1823,2020,13,13
1824,2020,13,13
2021,2026,13,13
2021,2022,13,13
1822,2021,13,13
1823,2021,13,13
1824,2021,13,13
2019,2023,13,13
1822,2023,13,13
1823,2023,13,13
1824,2023,13,13
593,2024,13,13
35,2024,1,13
1822,2024,13,13
1823,2024,13,13
1824,2024,13,13
2025,2029,13,13
2025,2114,13,13
35,2025,1,13
1822,2025,13,13
1823,2025,13,13
1824,2025,13,13
2022,2026,13,13
1822,2026,13,13
1823,2026,13,13
1824,2026,13,13
2027,2028,13,13
2027,2115,13,13
1822,2027,13,13
1823,2027,13,13
1824,2027,13,13
2028,2115,13,13
1822,2028,13,13
1823,2028,13,13
1824,2028,13,13
2029,2114,13,13
35,2029,1,13
1822,2029,13,13
1823,2029,13,13
1824,2029,13,13
2030,2034,13,13
2030,2116,13,13
1822,2030,13,13
1823,2030,13,13
1824,2030,13,13
2031,2035,13,13
2031,2117,13,13
1822,2031,13,13
1823,2031,13,13
1824,2031,13,13
2032,2039,13,13
2032,2118,13,13
35,2032,1,13
1822,2032,13,13
1823,2032,13,13
1824,2032,13,13
2033,2036,13,13
2033,2119,13,13
1822,2033,13,13
1823,2033,13,13
1824,2033,13,13
2034,2116,13,13
1822,2034,13,13
1823,2034,13,13
1824,2034,13,13
2035,2117,13,13
1822,2035,13,13
1823,2035,13,13
1824,2035,13,13
2036,2119,13,13
1822,2036,13,13
1823,2036,13,13
1824,2036,13,13
2037,2045,13,13
2037,2120,13,13
1822,2037,13,13
1823,2037,13,13
1824,2037,13,13
2038,2040,13,13
2038,2121,13,13
1822,2038,13,13
1823,2038,13,13
1824,2038,13,13
2039,2118,13,13
35,2039,1,13
1822,2039,13,13
1823,2039,13,13
1824,2039,13,13
2040,2121,13,13
1822,2040,13,13
1823,2040,13,13
1824,2040,13,13
2041,2044,13,13
617,2041,1,13
2041,2122,13,13
1822,2041,13,13
1823,2041,13,13
1824,2041,13,13
2042,2046,13,13
2042,2123,13,13
1822,2042,13,13
1823,2042,13,13
1824,2042,13,13
2043,2047,13,13
2043,2124,13,13
1822,2043,13,13
1823,2043,13,13
1824,2043,13,13
617,2044,1,13
2044,2122,13,13
1822,2044,13,13
1823,2044,13,13
1824,2044,13,13
2045,2120,13,13
1822,2045,13,13
1823,2045,13,13
1824,2045,13,13
2046,2123,13,13
1822,2046,13,13
1823,2046,13,13
1824,2046,13,13
2047,2124,13,13
1822,2047,13,13
1823,2047,13,13
1824,2047,13,13
2048,2055,13,13
2048,2125,13,13
35,2048,1,13
1822,2048,13,13
1823,2048,13,13
1824,2048,13,13
2049,2050,13,13
2049,2126,13,13
1822,2049,13,13
1823,2049,13,13
1824,2049,13,13
2050,2126,13,13
1822,2050,13,13
1823,2050,13,13
1824,2050,13,13
2051,2053,13,13
2051,2127,13,13
1822,2051,13,13
1823,2051,13,13
1824,2051,13,13
2052,2054,13,13
2052,2128,13,13
1822,2052,13,13
1823,2052,13,13
1824,2052,13,13
2053,2127,13,13
1822,2053,13,13
1823,2053,13,13
1824,2053,13,13
2054,2128,13,13
1822,2054,13,13
1823,2054,13,13
1824,2054,13,13
2055,2125,13,13
35,2055,1,13
1822,2055,13,13
1823,2055,13,13
1824,2055,13,13
2056,2058,13,13
2056,2129,13,13
1822,2056,13,13
1823,2056,13,13
1824,2056,13,13
2057,2059,13,13
2057,2130,13,13
1822,2057,13,13
1823,2057,13,13
1824,2057,13,13
2058,2129,13,13
1822,2058,13,13
1823,2058,13,13
1824,2058,13,13
2059,2130,13,13
1822,2059,13,13
1823,2059,13,13
1824,2059,13,13
2060,2061,13,13
2060,2131,13,13
35,2060,1,13
1822,2060,13,13
1823,2060,13,13
1824,2060,13,13
2061,2131,13,13
35,2061,1,13
1822,2061,13,13
1823,2061,13,13
1824,2061,13,13
2062,2063,13,13
2062,2132,13,13
1822,2062,13,13
1823,2062,13,13
1824,2062,13,13
2063,2132,13,13
1822,2063,13,13
1823,2063,13,13
1824,2063,13,13
2064,2066,13,13
2064,2133,13,13
2064,2134,13,13
1822,2064,13,13
1823,2064,13,13
1824,2064,13,13
2069,2070,13,13
2072,2073,13,13
2082,2083,13,13
2085,2086,13,13
2092,2093,13,13
2099,2100,13,13
2109,2110,13,13
2065,2067,13,13
2065,2135,13,13
1822,2065,13,13
1823,2065,13,13
1824,2065,13,13
2066,2133,13,13
2066,2134,13,13
1822,2066,13,13
1823,2066,13,13
1824,2066,13,13
2068,2069,13,13
2068,2070,13,13
2068,2136,13,13
1822,2068,13,13
1823,2068,13,13
1824,2068,13,13
2069,2070,13,13
1822,2069,13,13
1823,2069,13,13
1824,2069,13,13
2071,2072,13,13
2071,2073,13,13
1822,2071,13,13
1823,2071,13,13
1824,2071,13,13
2072,2073,13,13
1822,2072,13,13
1823,2072,13,13
1824,2072,13,13
2074,2075,13,13
2075,2137,13,13
1822,2075,13,13
1823,2075,13,13
1824,2075,13,13
2076,2077,13,13
2076,2138,13,13
2076,2136,13,13
1822,2076,13,13
1823,2076,13,13
1824,2076,13,13
2077,2138,13,13
2077,2136,13,13
1822,2077,13,13
1823,2077,13,13
1824,2077,13,13
2078,2080,13,13
2078,2139,13,13
2078,2140,13,13
1822,2078,13,13
1823,2078,13,13
1824,2078,13,13
2079,2081,13,13
2079,2141,13,13
2079,2136,13,13
1822,2079,13,13
1823,2079,13,13
1824,2079,13,13
2080,2139,13,13
2080,2140,13,13
1822,2080,13,13
1823,2080,13,13
1824,2080,13,13
2081,2141,13,13
2081,2136,13,13
1822,2081,13,13
1823,2081,13,13
1824,2081,13,13
2082,2087,13,13
2082,2083,13,13
1822,2082,13,13
1823,2082,13,13
1824,2082,13,13
2084,2085,13,13
2084,2086,13,13
1822,2084,13,13
1823,2084,13,13
1824,2084,13,13
2085,2086,13,13
1822,2085,13,13
1823,2085,13,13
1824,2085,13,13
2083,2087,13,13
1822,2087,13,13
1823,2087,13,13
1824,2087,13,13
2088,2142,13,13
2088,2143,13,13
2088,2144,13,13
1822,2088,13,13
1823,2088,13,13
1824,2088,13,13
2103,2104,13,13
2098,2103,13,13
1821,2103,13,13
1822,2103,13,13
1823,2103,13,13
1824,2103,13,13
2142,2143,13,13
1825,2145,20,20
1825,2146,20,20
1825,2147,20,20
1825,2148,20,20
1825,2149,20,20
1825,2150,20,20
1825,2152,20,20
1825,2153,20,20
1825,2154,20,20
1825,2155,20,20
1825,2156,20,20
1825,2158,20,20
1825,2159,20,20
1825,2161,20,20
1825,2162,20,20
1825,2163,20,20
1825,2164,20,20
1825,2165,20,20
1825,2166,20,20
1825,2167,20,20
1898,1900,20,20
1898,2168,20,20
1898,1927,20,20
1898,1930,20,20
1899,1901,20,20
1899,2169,20,20
1899,1927,20,20
1899,1930,20,20
1900,2168,20,20
1900,1927,20,20
1900,1930,20,20
1901,2169,20,20
1901,1927,20,20
1901,1930,20,20
1902,1903,20,20
1859,1902,20,20
1826,1902,20,20
1827,1902,20,20
1904,1905,20,20
1904,2170,20,20
1904,1927,20,20
1904,1930,20,20
1905,2170,20,20
1905,1927,20,20
1905,1930,20,20
1906,1908,20,20
1907,1908,20,20
1826,1908,20,20
1827,1908,20,20
1909,1910,20,20
1909,1911,20,20
1826,1909,20,20
1827,1909,20,20
1910,1911,20,20
1826,1910,20,20
1827,1910,20,20
1912,1914,20,20
1912,1913,20,20
1912,1927,20,20
1912,1930,20,20
1913,1914,20,20
1914,1927,20,20
1914,1930,20,20
1915,1916,20,20
1915,1917,20,20
1826,1915,20,20
1827,1915,20,20
1916,1917,20,20
1826,1916,20,20
1827,1916,20,20
1918,1919,20,20
1918,2171,20,20
1826,1918,20,20
1827,1918,20,20
1919,2171,20,20
1826,1919,20,20
1827,1919,20,20
1920,1921,20,20
1920,2172,20,20
1920,1927,20,20
1920,1930,20,20
1921,2172,20,20
1921,1927,20,20
1921,1930,20,20
2150,2151,20,20
2156,2157,20,20
2159,2160,20,20
749,2173,19,19
749,2174,19,19
749,2175,19,19
749,2176,19,19
749,2177,19,19
749,2178,19,19
749,2179,19,19
749,2180,19,19
749,2181,19,19
749,2182,19,19
749,2183,19,19
749,2184,19,19
749,2185,19,19
749,2186,19,19
749,2187,19,19
749,2188,19,19
749,2189,19,19
749,2190,19,19
749,2191,19,19
749,2192,19,19
749,2193,19,19
749,2195,19,19
749,2196,19,19
749,2197,19,19
749,2199,19,19
749,2200,19,19
749,2201,19,19
749,2203,19,19
749,2204,19,19
749,2205,19,19
749,2207,19,19
749,2208,19,19
749,2209,19,19
749,2210,19,19
749,2211,19,19
749,2212,19,19
749,2213,19,19
749,2214,19,19
749,2215,19,19
749,2216,19,19
2193,2194,19,19
2197,2198,19,19
2201,2202,19,19
2205,2206,19,19
749,2217,19,19
749,2218,19,19
749,2219,19,19
749,2220,19,19
749,2221,19,19
749,2222,19,19
749,2224,19,19
749,2225,19,19
749,2226,19,19
749,2227,19,19
749,2228,19,19
749,2229,19,19
749,2230,19,19
749,2231,19,19
749,2232,19,19
749,2233,19,19
749,2235,19,19
749,2236,19,19
749,2237,19,19
749,2238,19,19
2222,2223,19,19
2233,2234,19,19
749,2239,19,19
749,2240,19,19
749,2241,19,19
749,2243,19,19
749,2244,19,19
749,2245,19,19
749,2246,19,19
749,2247,19,19
749,2248,19,19
749,2249,19,19
749,2250,19,19
749,2251,19,19
749,2252,19,19
749,2253,19,19
749,2254,19,19
749,2256,19,19
749,2257,19,19
749,2258,19,19
749,2259,19,19
749,2260,19,19
2241,2242,19,19
2254,2255,19,19
749,2261,19,19
749,2263,19,19
749,2264,19,19
749,2265,19,19
749,2266,19,19
749,2267,19,19
749,2268,19,19
749,2269,19,19
749,2270,19,19
749,2271,19,19
749,2272,19,19
749,2273,19,19
749,2274,19,19
749,2276,19,19
749,2277,19,19
749,2279,19,19
749,2281,19,19
749,2282,19,19
749,2283,19,19
749,2284,19,19
2173,2286,19,19
2173,2287,19,19
750,2173,19,19
751,2173,19,19
2174,2175,19,19
2174,2288,19,19
750,2174,19,19
751,2174,19,19
2175,2288,19,19
750,2175,19,19
751,2175,19,19
2176,2289,19,19
2176,2290,19,19
750,2176,19,19
751,2176,19,19
2177,2291,19,19
2177,2292,19,19
750,2177,19,19
751,2177,19,19
2178,2293,19,19
2178,2294,19,19
750,2178,19,19
751,2178,19,19
2179,2180,19,19
2179,2295,19,19
750,2179,19,19
751,2179,19,19
2180,2295,19,19
750,2180,19,19
751,2180,19,19
2181,2296,19,19
2181,2297,19,19
750,2181,19,19
751,2181,19,19
2182,2183,19,19
2182,2298,19,19
750,2182,19,19
751,2182,19,19
2183,2298,19,19
750,2183,19,19
751,2183,19,19
2184,2299,19,19
2184,2300,19,19
750,2184,19,19
751,2184,19,19
2185,2301,19,19
2185,2302,19,19
750,2185,19,19
751,2185,19,19
2186,2187,19,19
2186,2303,19,19
750,2186,19,19
751,2186,19,19
2187,2303,19,19
750,2187,19,19
751,2187,19,19
2188,2304,19,19
2188,2305,19,19
750,2188,19,19
751,2188,19,19
2189,2306,19,19
2189,2307,19,19
750,2189,19,19
751,2189,19,19
2190,2191,19,19
2190,2308,19,19
750,2190,19,19
751,2190,19,19
2191,2308,19,19
750,2191,19,19
751,2191,19,19
2192,2309,19,19
2192,2310,19,19
750,2192,19,19
751,2192,19,19
2193,2195,19,19
2193,2194,19,19
750,2193,19,19
751,2193,19,19
2194,2195,19,19
750,2195,19,19
751,2195,19,19
2196,2311,19,19
2196,2312,19,19
750,2196,19,19
751,2196,19,19
2197,2313,19,19
2197,2198,19,19
750,2197,19,19
751,2197,19,19
2199,2200,19,19
2199,2314,19,19
750,2199,19,19
751,2199,19,19
2200,2314,19,19
750,2200,19,19
751,2200,19,19
2201,2204,19,19
2201,2202,19,19
750,2201,19,19
751,2201,19,19
2203,2207,19,19
2203,2315,19,19
750,2203,19,19
751,2203,19,19
2202,2204,19,19
750,2204,19,19
751,2204,19,19
2205,2208,19,19
2205,2206,19,19
750,2205,19,19
751,2205,19,19
2207,2315,19,19
750,2207,19,19
751,2207,19,19
2206,2208,19,19
750,2208,19,19
751,2208,19,19
2209,2316,19,19
2209,2317,19,19
750,2209,19,19
751,2209,19,19
2210,2318,19,19
2210,2319,19,19
750,2210,19,19
751,2210,19,19
2211,2212,19,19
2211,2280,19,19
750,2211,19,19
751,2211,19,19
2212,2280,19,19
750,2212,19,19
751,2212,19,19
2213,2214,19,19
2213,2320,19,19
750,2213,19,19
751,2213,19,19
2214,2320,19,19
750,2214,19,19
751,2214,19,19
2215,2216,19,19
2215,2321,19,19
750,2215,19,19
751,2215,19,19
2216,2321,19,19
750,2216,19,19
751,2216,19,19
2217,2322,19,19
2217,2323,19,19
750,2217,19,19
751,2217,19,19
2218,2324,19,19
2218,2325,19,19
750,2218,19,19
751,2218,19,19
2219,2326,19,19
2219,2327,19,19
750,2219,19,19
751,2219,19,19
2220,2221,19,19
2220,2328,19,19
750,2220,19,19
751,2220,19,19
2221,2328,19,19
750,2221,19,19
751,2221,19,19
2222,2224,19,19
2222,2223,19,19
750,2222,19,19
751,2222,19,19
2223,2224,19,19
750,2224,19,19
751,2224,19,19
2225,2226,19,19
2225,2329,19,19
750,2225,19,19
751,2225,19,19
2226,2329,19,19
750,2226,19,19
751,2226,19,19
2227,2330,19,19
2227,2331,19,19
750,2227,19,19
751,2227,19,19
2228,2229,19,19
2228,2332,19,19
750,2228,19,19
751,2228,19,19
2229,2332,19,19
750,2229,19,19
751,2229,19,19
2230,2333,19,19
2230,2332,19,19
750,2230,19,19
751,2230,19,19
2231,2334,19,19
2231,2335,19,19
750,2231,19,19
751,2231,19,19
2232,2336,19,19
2232,2337,19,19
750,2232,19,19
751,2232,19,19
2233,2235,19,19
2233,2234,19,19
750,2233,19,19
751,2233,19,19
2234,2235,19,19
750,2235,19,19
751,2235,19,19
2236,2237,19,19
2236,2338,19,19
750,2236,19,19
751,2236,19,19
2237,2338,19,19
750,2237,19,19
751,2237,19,19
2238,2239,19,19
2238,2339,19,19
750,2238,19,19
751,2238,19,19
2239,2339,19,19
750,2239,19,19
751,2239,19,19
2240,2340,19,19
2240,2341,19,19
750,2240,19,19
751,2240,19,19
2241,2243,19,19
2241,2242,19,19
750,2241,19,19
751,2241,19,19
2242,2243,19,19
750,2243,19,19
751,2243,19,19
2244,2342,19,19
2244,2343,19,19
750,2244,19,19
751,2244,19,19
2245,2344,19,19
2245,2345,19,19
750,2245,19,19
751,2245,19,19
2246,2346,19,19
2246,2347,19,19
750,2246,19,19
751,2246,19,19
2247,2348,19,19
2247,2349,19,19
750,2247,19,19
751,2247,19,19
2248,2249,19,19
2248,2325,19,19
750,2248,19,19
751,2248,19,19
2249,2325,19,19
750,2249,19,19
751,2249,19,19
2250,2251,19,19
2250,2350,19,19
750,2250,19,19
751,2250,19,19
2251,2350,19,19
750,2251,19,19
751,2251,19,19
2252,2253,19,19
2252,2351,19,19
750,2252,19,19
751,2252,19,19
2253,2351,19,19
750,2253,19,19
751,2253,19,19
2254,2257,19,19
2254,2255,19,19
750,2254,19,19
751,2254,19,19
2256,2258,19,19
2256,2352,19,19
750,2256,19,19
751,2256,19,19
2255,2257,19,19
750,2257,19,19
751,2257,19,19
2258,2352,19,19
750,2258,19,19
751,2258,19,19
2259,2353,19,19
2259,2354,19,19
750,2259,19,19
751,2259,19,19
2260,2261,19,19
2260,2262,19,19
750,2260,19,19
751,2260,19,19
2261,2262,19,19
2274,2275,19,19
2277,2278,19,19
2279,2280,19,19
2284,2285,19,19
2299,2300,19,19
2301,2302,19,19
2304,2305,19,19
2336,2337,19,19
2340,2341,19,19
2348,2349,19,19
